domain,city,niche,listing,where,status,note
allenacrepairpros.com,Allen,home services,Google Search Console,search.google.com/search-console,todo,not a link -- how we see indexing
allenacrepairpros.com,Allen,home services,Bing Webmaster Tools,bing.com/webmasters,todo,import from Search Console in one click
allenacrepairpros.com,Allen,home services,Yelp,biz.yelp.com,todo,"real call volume; claim only, never solicit reviews"
allenacrepairpros.com,Allen,home services,Yellow Pages,yellowpages.com,todo,free tier
allenacrepairpros.com,Allen,home services,Better Business Bureau,bbb.org,todo,free listing; skip paid accreditation
allenacrepairpros.com,Allen,home services,Nextdoor Business,business.nextdoor.com,todo,genuinely local
allenacrepairpros.com,Allen,home services,Apple Business Connect,businessconnect.apple.com,todo,feeds Apple Maps and Siri
allenacrepairpros.com,Allen,home services,Houzz,houzz.com/pro,todo,"followed link, free pro profile"
allenacrepairpros.com,Allen,home services,Angi,angi.com/companylist,todo,expect sales calls
allenacrepairpros.com,Allen,home services,Thumbtack,thumbtack.com/pro,todo,free to list
allenacrepairpros.com,Allen,home services,Porch,porch.com/pro,todo,contractor directory
allenacrepairpros.com,Allen,home services,BuildZoom,buildzoom.com,todo,free claim
allenacrepairpros.com,Allen,home services,Networx,networx.com/contractor,todo,contractor directory
annarborgaragedoorrepairpros.com,Ann Arbor,home services,Google Search Console,search.google.com/search-console,todo,not a link -- how we see indexing
annarborgaragedoorrepairpros.com,Ann Arbor,home services,Bing Webmaster Tools,bing.com/webmasters,todo,import from Search Console in one click
annarborgaragedoorrepairpros.com,Ann Arbor,home services,Yelp,biz.yelp.com,todo,"real call volume; claim only, never solicit reviews"
annarborgaragedoorrepairpros.com,Ann Arbor,home services,Yellow Pages,yellowpages.com,todo,free tier
annarborgaragedoorrepairpros.com,Ann Arbor,home services,Better Business Bureau,bbb.org,todo,free listing; skip paid accreditation
annarborgaragedoorrepairpros.com,Ann Arbor,home services,Nextdoor Business,business.nextdoor.com,todo,genuinely local
annarborgaragedoorrepairpros.com,Ann Arbor,home services,Apple Business Connect,businessconnect.apple.com,todo,feeds Apple Maps and Siri
annarborgaragedoorrepairpros.com,Ann Arbor,home services,Houzz,houzz.com/pro,todo,"followed link, free pro profile"
annarborgaragedoorrepairpros.com,Ann Arbor,home services,Angi,angi.com/companylist,todo,expect sales calls
annarborgaragedoorrepairpros.com,Ann Arbor,home services,Thumbtack,thumbtack.com/pro,todo,free to list
annarborgaragedoorrepairpros.com,Ann Arbor,home services,Porch,porch.com/pro,todo,contractor directory
annarborgaragedoorrepairpros.com,Ann Arbor,home services,BuildZoom,buildzoom.com,todo,free claim
annarborgaragedoorrepairpros.com,Ann Arbor,home services,Networx,networx.com/contractor,todo,contractor directory
appliancerepairtampaco.com,Tampa,home services,Google Search Console,search.google.com/search-console,todo,not a link -- how we see indexing
appliancerepairtampaco.com,Tampa,home services,Bing Webmaster Tools,bing.com/webmasters,todo,import from Search Console in one click
appliancerepairtampaco.com,Tampa,home services,Yelp,biz.yelp.com,todo,"real call volume; claim only, never solicit reviews"
appliancerepairtampaco.com,Tampa,home services,Yellow Pages,yellowpages.com,todo,free tier
appliancerepairtampaco.com,Tampa,home services,Better Business Bureau,bbb.org,todo,free listing; skip paid accreditation
appliancerepairtampaco.com,Tampa,home services,Nextdoor Business,business.nextdoor.com,todo,genuinely local
appliancerepairtampaco.com,Tampa,home services,Apple Business Connect,businessconnect.apple.com,todo,feeds Apple Maps and Siri
appliancerepairtampaco.com,Tampa,home services,Houzz,houzz.com/pro,todo,"followed link, free pro profile"
appliancerepairtampaco.com,Tampa,home services,Angi,angi.com/companylist,todo,expect sales calls
appliancerepairtampaco.com,Tampa,home services,Thumbtack,thumbtack.com/pro,todo,free to list
appliancerepairtampaco.com,Tampa,home services,Porch,porch.com/pro,todo,contractor directory
appliancerepairtampaco.com,Tampa,home services,BuildZoom,buildzoom.com,todo,free claim
appliancerepairtampaco.com,Tampa,home services,Networx,networx.com/contractor,todo,contractor directory
arlingtonbathroomremodelingpros.com,Arlington,home services,Google Search Console,search.google.com/search-console,todo,not a link -- how we see indexing
arlingtonbathroomremodelingpros.com,Arlington,home services,Bing Webmaster Tools,bing.com/webmasters,todo,import from Search Console in one click
arlingtonbathroomremodelingpros.com,Arlington,home services,Yelp,biz.yelp.com,todo,"real call volume; claim only, never solicit reviews"
arlingtonbathroomremodelingpros.com,Arlington,home services,Yellow Pages,yellowpages.com,todo,free tier
arlingtonbathroomremodelingpros.com,Arlington,home services,Better Business Bureau,bbb.org,todo,free listing; skip paid accreditation
arlingtonbathroomremodelingpros.com,Arlington,home services,Nextdoor Business,business.nextdoor.com,todo,genuinely local
arlingtonbathroomremodelingpros.com,Arlington,home services,Apple Business Connect,businessconnect.apple.com,todo,feeds Apple Maps and Siri
arlingtonbathroomremodelingpros.com,Arlington,home services,Houzz,houzz.com/pro,todo,"followed link, free pro profile"
arlingtonbathroomremodelingpros.com,Arlington,home services,Angi,angi.com/companylist,todo,expect sales calls
arlingtonbathroomremodelingpros.com,Arlington,home services,Thumbtack,thumbtack.com/pro,todo,free to list
arlingtonbathroomremodelingpros.com,Arlington,home services,Porch,porch.com/pro,todo,contractor directory
arlingtonbathroomremodelingpros.com,Arlington,home services,BuildZoom,buildzoom.com,todo,free claim
arlingtonbathroomremodelingpros.com,Arlington,home services,Networx,networx.com/contractor,todo,contractor directory
arvadaemergencyplumber.com,Arvada,home services,Google Search Console,search.google.com/search-console,todo,not a link -- how we see indexing
arvadaemergencyplumber.com,Arvada,home services,Bing Webmaster Tools,bing.com/webmasters,todo,import from Search Console in one click
arvadaemergencyplumber.com,Arvada,home services,Yelp,biz.yelp.com,todo,"real call volume; claim only, never solicit reviews"
arvadaemergencyplumber.com,Arvada,home services,Yellow Pages,yellowpages.com,todo,free tier
arvadaemergencyplumber.com,Arvada,home services,Better Business Bureau,bbb.org,todo,free listing; skip paid accreditation
arvadaemergencyplumber.com,Arvada,home services,Nextdoor Business,business.nextdoor.com,todo,genuinely local
arvadaemergencyplumber.com,Arvada,home services,Apple Business Connect,businessconnect.apple.com,todo,feeds Apple Maps and Siri
arvadaemergencyplumber.com,Arvada,home services,Houzz,houzz.com/pro,todo,"followed link, free pro profile"
arvadaemergencyplumber.com,Arvada,home services,Angi,angi.com/companylist,todo,expect sales calls
arvadaemergencyplumber.com,Arvada,home services,Thumbtack,thumbtack.com/pro,todo,free to list
arvadaemergencyplumber.com,Arvada,home services,Porch,porch.com/pro,todo,contractor directory
arvadaemergencyplumber.com,Arvada,home services,BuildZoom,buildzoom.com,todo,free claim
arvadaemergencyplumber.com,Arvada,home services,Networx,networx.com/contractor,todo,contractor directory
atlantadogbitelawyerpros.com,Atlanta,legal,Google Search Console,search.google.com/search-console,todo,not a link -- how we see indexing
atlantadogbitelawyerpros.com,Atlanta,legal,Bing Webmaster Tools,bing.com/webmasters,todo,import from Search Console in one click
atlantadogbitelawyerpros.com,Atlanta,legal,Yelp,biz.yelp.com,todo,"real call volume; claim only, never solicit reviews"
atlantadogbitelawyerpros.com,Atlanta,legal,Yellow Pages,yellowpages.com,todo,free tier
atlantadogbitelawyerpros.com,Atlanta,legal,Better Business Bureau,bbb.org,todo,free listing; skip paid accreditation
atlantadogbitelawyerpros.com,Atlanta,legal,Nextdoor Business,business.nextdoor.com,todo,genuinely local
atlantadogbitelawyerpros.com,Atlanta,legal,Apple Business Connect,businessconnect.apple.com,todo,feeds Apple Maps and Siri
atlantadogbitelawyerpros.com,Atlanta,legal,Justia,lawyers.justia.com,hold until a firm signs,strong followed link
atlantadogbitelawyerpros.com,Atlanta,legal,Avvo,avvo.com/claim-your-profile,hold until a firm signs,free claim
atlantadogbitelawyerpros.com,Atlanta,legal,FindLaw,lawyers.findlaw.com,hold until a firm signs,free basic tier
atlantadogbitelawyerpros.com,Atlanta,legal,Lawyers.com,lawyers.com,hold until a firm signs,free basic tier
atlantadogbitelawyerpros.com,Atlanta,legal,HG.org,hg.org,hold until a firm signs,free basic tier
atlantadogbitelawyerpros.com,Atlanta,legal,State bar directory,varies by state,hold until a firm signs,best local legal link there is
atlantaemergencyplumberpros.com,Atlanta,home services,Google Search Console,search.google.com/search-console,todo,not a link -- how we see indexing
atlantaemergencyplumberpros.com,Atlanta,home services,Bing Webmaster Tools,bing.com/webmasters,todo,import from Search Console in one click
atlantaemergencyplumberpros.com,Atlanta,home services,Yelp,biz.yelp.com,todo,"real call volume; claim only, never solicit reviews"
atlantaemergencyplumberpros.com,Atlanta,home services,Yellow Pages,yellowpages.com,todo,free tier
atlantaemergencyplumberpros.com,Atlanta,home services,Better Business Bureau,bbb.org,todo,free listing; skip paid accreditation
atlantaemergencyplumberpros.com,Atlanta,home services,Nextdoor Business,business.nextdoor.com,todo,genuinely local
atlantaemergencyplumberpros.com,Atlanta,home services,Apple Business Connect,businessconnect.apple.com,todo,feeds Apple Maps and Siri
atlantaemergencyplumberpros.com,Atlanta,home services,Houzz,houzz.com/pro,todo,"followed link, free pro profile"
atlantaemergencyplumberpros.com,Atlanta,home services,Angi,angi.com/companylist,todo,expect sales calls
atlantaemergencyplumberpros.com,Atlanta,home services,Thumbtack,thumbtack.com/pro,todo,free to list
atlantaemergencyplumberpros.com,Atlanta,home services,Porch,porch.com/pro,todo,contractor directory
atlantaemergencyplumberpros.com,Atlanta,home services,BuildZoom,buildzoom.com,todo,free claim
atlantaemergencyplumberpros.com,Atlanta,home services,Networx,networx.com/contractor,todo,contractor directory
austinroofinspectionpros.com,Austin,home services,Google Search Console,search.google.com/search-console,todo,not a link -- how we see indexing
austinroofinspectionpros.com,Austin,home services,Bing Webmaster Tools,bing.com/webmasters,todo,import from Search Console in one click
austinroofinspectionpros.com,Austin,home services,Yelp,biz.yelp.com,todo,"real call volume; claim only, never solicit reviews"
austinroofinspectionpros.com,Austin,home services,Yellow Pages,yellowpages.com,todo,free tier
austinroofinspectionpros.com,Austin,home services,Better Business Bureau,bbb.org,todo,free listing; skip paid accreditation
austinroofinspectionpros.com,Austin,home services,Nextdoor Business,business.nextdoor.com,todo,genuinely local
austinroofinspectionpros.com,Austin,home services,Apple Business Connect,businessconnect.apple.com,todo,feeds Apple Maps and Siri
austinroofinspectionpros.com,Austin,home services,Houzz,houzz.com/pro,todo,"followed link, free pro profile"
austinroofinspectionpros.com,Austin,home services,Angi,angi.com/companylist,todo,expect sales calls
austinroofinspectionpros.com,Austin,home services,Thumbtack,thumbtack.com/pro,todo,free to list
austinroofinspectionpros.com,Austin,home services,Porch,porch.com/pro,todo,contractor directory
austinroofinspectionpros.com,Austin,home services,BuildZoom,buildzoom.com,todo,free claim
austinroofinspectionpros.com,Austin,home services,Networx,networx.com/contractor,todo,contractor directory
austinwrongfuldeathlawyerpros.com,Austin,legal,Google Search Console,search.google.com/search-console,todo,not a link -- how we see indexing
austinwrongfuldeathlawyerpros.com,Austin,legal,Bing Webmaster Tools,bing.com/webmasters,todo,import from Search Console in one click
austinwrongfuldeathlawyerpros.com,Austin,legal,Yelp,biz.yelp.com,todo,"real call volume; claim only, never solicit reviews"
austinwrongfuldeathlawyerpros.com,Austin,legal,Yellow Pages,yellowpages.com,todo,free tier
austinwrongfuldeathlawyerpros.com,Austin,legal,Better Business Bureau,bbb.org,todo,free listing; skip paid accreditation
austinwrongfuldeathlawyerpros.com,Austin,legal,Nextdoor Business,business.nextdoor.com,todo,genuinely local
austinwrongfuldeathlawyerpros.com,Austin,legal,Apple Business Connect,businessconnect.apple.com,todo,feeds Apple Maps and Siri
austinwrongfuldeathlawyerpros.com,Austin,legal,Justia,lawyers.justia.com,hold until a firm signs,strong followed link
austinwrongfuldeathlawyerpros.com,Austin,legal,Avvo,avvo.com/claim-your-profile,hold until a firm signs,free claim
austinwrongfuldeathlawyerpros.com,Austin,legal,FindLaw,lawyers.findlaw.com,hold until a firm signs,free basic tier
austinwrongfuldeathlawyerpros.com,Austin,legal,Lawyers.com,lawyers.com,hold until a firm signs,free basic tier
austinwrongfuldeathlawyerpros.com,Austin,legal,HG.org,hg.org,hold until a firm signs,free basic tier
austinwrongfuldeathlawyerpros.com,Austin,legal,State bar directory,varies by state,hold until a firm signs,best local legal link there is
bellevuebathroomremodeling.com,Bellevue,home services,Google Search Console,search.google.com/search-console,todo,not a link -- how we see indexing
bellevuebathroomremodeling.com,Bellevue,home services,Bing Webmaster Tools,bing.com/webmasters,todo,import from Search Console in one click
bellevuebathroomremodeling.com,Bellevue,home services,Yelp,biz.yelp.com,todo,"real call volume; claim only, never solicit reviews"
bellevuebathroomremodeling.com,Bellevue,home services,Yellow Pages,yellowpages.com,todo,free tier
bellevuebathroomremodeling.com,Bellevue,home services,Better Business Bureau,bbb.org,todo,free listing; skip paid accreditation
bellevuebathroomremodeling.com,Bellevue,home services,Nextdoor Business,business.nextdoor.com,todo,genuinely local
bellevuebathroomremodeling.com,Bellevue,home services,Apple Business Connect,businessconnect.apple.com,todo,feeds Apple Maps and Siri
bellevuebathroomremodeling.com,Bellevue,home services,Houzz,houzz.com/pro,todo,"followed link, free pro profile"
bellevuebathroomremodeling.com,Bellevue,home services,Angi,angi.com/companylist,todo,expect sales calls
bellevuebathroomremodeling.com,Bellevue,home services,Thumbtack,thumbtack.com/pro,todo,free to list
bellevuebathroomremodeling.com,Bellevue,home services,Porch,porch.com/pro,todo,contractor directory
bellevuebathroomremodeling.com,Bellevue,home services,BuildZoom,buildzoom.com,todo,free claim
bellevuebathroomremodeling.com,Bellevue,home services,Networx,networx.com/contractor,todo,contractor directory
birminghamtruckaccidentlawyerpros.com,Birmingham,legal,Google Search Console,search.google.com/search-console,todo,not a link -- how we see indexing
birminghamtruckaccidentlawyerpros.com,Birmingham,legal,Bing Webmaster Tools,bing.com/webmasters,todo,import from Search Console in one click
birminghamtruckaccidentlawyerpros.com,Birmingham,legal,Yelp,biz.yelp.com,todo,"real call volume; claim only, never solicit reviews"
birminghamtruckaccidentlawyerpros.com,Birmingham,legal,Yellow Pages,yellowpages.com,todo,free tier
birminghamtruckaccidentlawyerpros.com,Birmingham,legal,Better Business Bureau,bbb.org,todo,free listing; skip paid accreditation
birminghamtruckaccidentlawyerpros.com,Birmingham,legal,Nextdoor Business,business.nextdoor.com,todo,genuinely local
birminghamtruckaccidentlawyerpros.com,Birmingham,legal,Apple Business Connect,businessconnect.apple.com,todo,feeds Apple Maps and Siri
birminghamtruckaccidentlawyerpros.com,Birmingham,legal,Justia,lawyers.justia.com,hold until a firm signs,strong followed link
birminghamtruckaccidentlawyerpros.com,Birmingham,legal,Avvo,avvo.com/claim-your-profile,hold until a firm signs,free claim
birminghamtruckaccidentlawyerpros.com,Birmingham,legal,FindLaw,lawyers.findlaw.com,hold until a firm signs,free basic tier
birminghamtruckaccidentlawyerpros.com,Birmingham,legal,Lawyers.com,lawyers.com,hold until a firm signs,free basic tier
birminghamtruckaccidentlawyerpros.com,Birmingham,legal,HG.org,hg.org,hold until a firm signs,free basic tier
birminghamtruckaccidentlawyerpros.com,Birmingham,legal,State bar directory,varies by state,hold until a firm signs,best local legal link there is
bocaratongaragedoorrepairpros.com,Boca Raton,home services,Google Search Console,search.google.com/search-console,todo,not a link -- how we see indexing
bocaratongaragedoorrepairpros.com,Boca Raton,home services,Bing Webmaster Tools,bing.com/webmasters,todo,import from Search Console in one click
bocaratongaragedoorrepairpros.com,Boca Raton,home services,Yelp,biz.yelp.com,todo,"real call volume; claim only, never solicit reviews"
bocaratongaragedoorrepairpros.com,Boca Raton,home services,Yellow Pages,yellowpages.com,todo,free tier
bocaratongaragedoorrepairpros.com,Boca Raton,home services,Better Business Bureau,bbb.org,todo,free listing; skip paid accreditation
bocaratongaragedoorrepairpros.com,Boca Raton,home services,Nextdoor Business,business.nextdoor.com,todo,genuinely local
bocaratongaragedoorrepairpros.com,Boca Raton,home services,Apple Business Connect,businessconnect.apple.com,todo,feeds Apple Maps and Siri
bocaratongaragedoorrepairpros.com,Boca Raton,home services,Houzz,houzz.com/pro,todo,"followed link, free pro profile"
bocaratongaragedoorrepairpros.com,Boca Raton,home services,Angi,angi.com/companylist,todo,expect sales calls
bocaratongaragedoorrepairpros.com,Boca Raton,home services,Thumbtack,thumbtack.com/pro,todo,free to list
bocaratongaragedoorrepairpros.com,Boca Raton,home services,Porch,porch.com/pro,todo,contractor directory
bocaratongaragedoorrepairpros.com,Boca Raton,home services,BuildZoom,buildzoom.com,todo,free claim
bocaratongaragedoorrepairpros.com,Boca Raton,home services,Networx,networx.com/contractor,todo,contractor directory
carrolltongaragedoorrepairexperts.com,Carrollton,home services,Google Search Console,search.google.com/search-console,todo,not a link -- how we see indexing
carrolltongaragedoorrepairexperts.com,Carrollton,home services,Bing Webmaster Tools,bing.com/webmasters,todo,import from Search Console in one click
carrolltongaragedoorrepairexperts.com,Carrollton,home services,Yelp,biz.yelp.com,todo,"real call volume; claim only, never solicit reviews"
carrolltongaragedoorrepairexperts.com,Carrollton,home services,Yellow Pages,yellowpages.com,todo,free tier
carrolltongaragedoorrepairexperts.com,Carrollton,home services,Better Business Bureau,bbb.org,todo,free listing; skip paid accreditation
carrolltongaragedoorrepairexperts.com,Carrollton,home services,Nextdoor Business,business.nextdoor.com,todo,genuinely local
carrolltongaragedoorrepairexperts.com,Carrollton,home services,Apple Business Connect,businessconnect.apple.com,todo,feeds Apple Maps and Siri
carrolltongaragedoorrepairexperts.com,Carrollton,home services,Houzz,houzz.com/pro,todo,"followed link, free pro profile"
carrolltongaragedoorrepairexperts.com,Carrollton,home services,Angi,angi.com/companylist,todo,expect sales calls
carrolltongaragedoorrepairexperts.com,Carrollton,home services,Thumbtack,thumbtack.com/pro,todo,free to list
carrolltongaragedoorrepairexperts.com,Carrollton,home services,Porch,porch.com/pro,todo,contractor directory
carrolltongaragedoorrepairexperts.com,Carrollton,home services,BuildZoom,buildzoom.com,todo,free claim
carrolltongaragedoorrepairexperts.com,Carrollton,home services,Networx,networx.com/contractor,todo,contractor directory
charlotteguttercleaningpros.com,Charlotte,home services,Google Search Console,search.google.com/search-console,todo,not a link -- how we see indexing
charlotteguttercleaningpros.com,Charlotte,home services,Bing Webmaster Tools,bing.com/webmasters,todo,import from Search Console in one click
charlotteguttercleaningpros.com,Charlotte,home services,Yelp,biz.yelp.com,todo,"real call volume; claim only, never solicit reviews"
charlotteguttercleaningpros.com,Charlotte,home services,Yellow Pages,yellowpages.com,todo,free tier
charlotteguttercleaningpros.com,Charlotte,home services,Better Business Bureau,bbb.org,todo,free listing; skip paid accreditation
charlotteguttercleaningpros.com,Charlotte,home services,Nextdoor Business,business.nextdoor.com,todo,genuinely local
charlotteguttercleaningpros.com,Charlotte,home services,Apple Business Connect,businessconnect.apple.com,todo,feeds Apple Maps and Siri
charlotteguttercleaningpros.com,Charlotte,home services,Houzz,houzz.com/pro,todo,"followed link, free pro profile"
charlotteguttercleaningpros.com,Charlotte,home services,Angi,angi.com/companylist,todo,expect sales calls
charlotteguttercleaningpros.com,Charlotte,home services,Thumbtack,thumbtack.com/pro,todo,free to list
charlotteguttercleaningpros.com,Charlotte,home services,Porch,porch.com/pro,todo,contractor directory
charlotteguttercleaningpros.com,Charlotte,home services,BuildZoom,buildzoom.com,todo,free claim
charlotteguttercleaningpros.com,Charlotte,home services,Networx,networx.com/contractor,todo,contractor directory
cincinnatipersonalinjurylawyerpros.com,Cincinnati,legal,Google Search Console,search.google.com/search-console,todo,not a link -- how we see indexing
cincinnatipersonalinjurylawyerpros.com,Cincinnati,legal,Bing Webmaster Tools,bing.com/webmasters,todo,import from Search Console in one click
cincinnatipersonalinjurylawyerpros.com,Cincinnati,legal,Yelp,biz.yelp.com,todo,"real call volume; claim only, never solicit reviews"
cincinnatipersonalinjurylawyerpros.com,Cincinnati,legal,Yellow Pages,yellowpages.com,todo,free tier
cincinnatipersonalinjurylawyerpros.com,Cincinnati,legal,Better Business Bureau,bbb.org,todo,free listing; skip paid accreditation
cincinnatipersonalinjurylawyerpros.com,Cincinnati,legal,Nextdoor Business,business.nextdoor.com,todo,genuinely local
cincinnatipersonalinjurylawyerpros.com,Cincinnati,legal,Apple Business Connect,businessconnect.apple.com,todo,feeds Apple Maps and Siri
cincinnatipersonalinjurylawyerpros.com,Cincinnati,legal,Justia,lawyers.justia.com,hold until a firm signs,strong followed link
cincinnatipersonalinjurylawyerpros.com,Cincinnati,legal,Avvo,avvo.com/claim-your-profile,hold until a firm signs,free claim
cincinnatipersonalinjurylawyerpros.com,Cincinnati,legal,FindLaw,lawyers.findlaw.com,hold until a firm signs,free basic tier
cincinnatipersonalinjurylawyerpros.com,Cincinnati,legal,Lawyers.com,lawyers.com,hold until a firm signs,free basic tier
cincinnatipersonalinjurylawyerpros.com,Cincinnati,legal,HG.org,hg.org,hold until a firm signs,free basic tier
cincinnatipersonalinjurylawyerpros.com,Cincinnati,legal,State bar directory,varies by state,hold until a firm signs,best local legal link there is
coloradospringsemergencyplumber.com,Colorado Springs,home services,Google Search Console,search.google.com/search-console,todo,not a link -- how we see indexing
coloradospringsemergencyplumber.com,Colorado Springs,home services,Bing Webmaster Tools,bing.com/webmasters,todo,import from Search Console in one click
coloradospringsemergencyplumber.com,Colorado Springs,home services,Yelp,biz.yelp.com,todo,"real call volume; claim only, never solicit reviews"
coloradospringsemergencyplumber.com,Colorado Springs,home services,Yellow Pages,yellowpages.com,todo,free tier
coloradospringsemergencyplumber.com,Colorado Springs,home services,Better Business Bureau,bbb.org,todo,free listing; skip paid accreditation
coloradospringsemergencyplumber.com,Colorado Springs,home services,Nextdoor Business,business.nextdoor.com,todo,genuinely local
coloradospringsemergencyplumber.com,Colorado Springs,home services,Apple Business Connect,businessconnect.apple.com,todo,feeds Apple Maps and Siri
coloradospringsemergencyplumber.com,Colorado Springs,home services,Houzz,houzz.com/pro,todo,"followed link, free pro profile"
coloradospringsemergencyplumber.com,Colorado Springs,home services,Angi,angi.com/companylist,todo,expect sales calls
coloradospringsemergencyplumber.com,Colorado Springs,home services,Thumbtack,thumbtack.com/pro,todo,free to list
coloradospringsemergencyplumber.com,Colorado Springs,home services,Porch,porch.com/pro,todo,contractor directory
coloradospringsemergencyplumber.com,Colorado Springs,home services,BuildZoom,buildzoom.com,todo,free claim
coloradospringsemergencyplumber.com,Colorado Springs,home services,Networx,networx.com/contractor,todo,contractor directory
coloradospringsfurnacerepair.com,Colorado Springs,home services,Google Search Console,search.google.com/search-console,todo,not a link -- how we see indexing
coloradospringsfurnacerepair.com,Colorado Springs,home services,Bing Webmaster Tools,bing.com/webmasters,todo,import from Search Console in one click
coloradospringsfurnacerepair.com,Colorado Springs,home services,Yelp,biz.yelp.com,todo,"real call volume; claim only, never solicit reviews"
coloradospringsfurnacerepair.com,Colorado Springs,home services,Yellow Pages,yellowpages.com,todo,free tier
coloradospringsfurnacerepair.com,Colorado Springs,home services,Better Business Bureau,bbb.org,todo,free listing; skip paid accreditation
coloradospringsfurnacerepair.com,Colorado Springs,home services,Nextdoor Business,business.nextdoor.com,todo,genuinely local
coloradospringsfurnacerepair.com,Colorado Springs,home services,Apple Business Connect,businessconnect.apple.com,todo,feeds Apple Maps and Siri
coloradospringsfurnacerepair.com,Colorado Springs,home services,Houzz,houzz.com/pro,todo,"followed link, free pro profile"
coloradospringsfurnacerepair.com,Colorado Springs,home services,Angi,angi.com/companylist,todo,expect sales calls
coloradospringsfurnacerepair.com,Colorado Springs,home services,Thumbtack,thumbtack.com/pro,todo,free to list
coloradospringsfurnacerepair.com,Colorado Springs,home services,Porch,porch.com/pro,todo,contractor directory
coloradospringsfurnacerepair.com,Colorado Springs,home services,BuildZoom,buildzoom.com,todo,free claim
coloradospringsfurnacerepair.com,Colorado Springs,home services,Networx,networx.com/contractor,todo,contractor directory
coloradospringsmoldremediationexperts.com,Colorado Springs,home services,Google Search Console,search.google.com/search-console,todo,not a link -- how we see indexing
coloradospringsmoldremediationexperts.com,Colorado Springs,home services,Bing Webmaster Tools,bing.com/webmasters,todo,import from Search Console in one click
coloradospringsmoldremediationexperts.com,Colorado Springs,home services,Yelp,biz.yelp.com,todo,"real call volume; claim only, never solicit reviews"
coloradospringsmoldremediationexperts.com,Colorado Springs,home services,Yellow Pages,yellowpages.com,todo,free tier
coloradospringsmoldremediationexperts.com,Colorado Springs,home services,Better Business Bureau,bbb.org,todo,free listing; skip paid accreditation
coloradospringsmoldremediationexperts.com,Colorado Springs,home services,Nextdoor Business,business.nextdoor.com,todo,genuinely local
coloradospringsmoldremediationexperts.com,Colorado Springs,home services,Apple Business Connect,businessconnect.apple.com,todo,feeds Apple Maps and Siri
coloradospringsmoldremediationexperts.com,Colorado Springs,home services,Houzz,houzz.com/pro,todo,"followed link, free pro profile"
coloradospringsmoldremediationexperts.com,Colorado Springs,home services,Angi,angi.com/companylist,todo,expect sales calls
coloradospringsmoldremediationexperts.com,Colorado Springs,home services,Thumbtack,thumbtack.com/pro,todo,free to list
coloradospringsmoldremediationexperts.com,Colorado Springs,home services,Porch,porch.com/pro,todo,contractor directory
coloradospringsmoldremediationexperts.com,Colorado Springs,home services,BuildZoom,buildzoom.com,todo,free claim
coloradospringsmoldremediationexperts.com,Colorado Springs,home services,Networx,networx.com/contractor,todo,contractor directory
concordcaraccidentlawyerpros.com,Concord,legal,Google Search Console,search.google.com/search-console,todo,not a link -- how we see indexing
concordcaraccidentlawyerpros.com,Concord,legal,Bing Webmaster Tools,bing.com/webmasters,todo,import from Search Console in one click
concordcaraccidentlawyerpros.com,Concord,legal,Yelp,biz.yelp.com,todo,"real call volume; claim only, never solicit reviews"
concordcaraccidentlawyerpros.com,Concord,legal,Yellow Pages,yellowpages.com,todo,free tier
concordcaraccidentlawyerpros.com,Concord,legal,Better Business Bureau,bbb.org,todo,free listing; skip paid accreditation
concordcaraccidentlawyerpros.com,Concord,legal,Nextdoor Business,business.nextdoor.com,todo,genuinely local
concordcaraccidentlawyerpros.com,Concord,legal,Apple Business Connect,businessconnect.apple.com,todo,feeds Apple Maps and Siri
concordcaraccidentlawyerpros.com,Concord,legal,Justia,lawyers.justia.com,hold until a firm signs,strong followed link
concordcaraccidentlawyerpros.com,Concord,legal,Avvo,avvo.com/claim-your-profile,hold until a firm signs,free claim
concordcaraccidentlawyerpros.com,Concord,legal,FindLaw,lawyers.findlaw.com,hold until a firm signs,free basic tier
concordcaraccidentlawyerpros.com,Concord,legal,Lawyers.com,lawyers.com,hold until a firm signs,free basic tier
concordcaraccidentlawyerpros.com,Concord,legal,HG.org,hg.org,hold until a firm signs,free basic tier
concordcaraccidentlawyerpros.com,Concord,legal,State bar directory,varies by state,hold until a firm signs,best local legal link there is
concordpersonalinjurylawyer.com,Concord,legal,Google Search Console,search.google.com/search-console,todo,not a link -- how we see indexing
concordpersonalinjurylawyer.com,Concord,legal,Bing Webmaster Tools,bing.com/webmasters,todo,import from Search Console in one click
concordpersonalinjurylawyer.com,Concord,legal,Yelp,biz.yelp.com,todo,"real call volume; claim only, never solicit reviews"
concordpersonalinjurylawyer.com,Concord,legal,Yellow Pages,yellowpages.com,todo,free tier
concordpersonalinjurylawyer.com,Concord,legal,Better Business Bureau,bbb.org,todo,free listing; skip paid accreditation
concordpersonalinjurylawyer.com,Concord,legal,Nextdoor Business,business.nextdoor.com,todo,genuinely local
concordpersonalinjurylawyer.com,Concord,legal,Apple Business Connect,businessconnect.apple.com,todo,feeds Apple Maps and Siri
concordpersonalinjurylawyer.com,Concord,legal,Justia,lawyers.justia.com,hold until a firm signs,strong followed link
concordpersonalinjurylawyer.com,Concord,legal,Avvo,avvo.com/claim-your-profile,hold until a firm signs,free claim
concordpersonalinjurylawyer.com,Concord,legal,FindLaw,lawyers.findlaw.com,hold until a firm signs,free basic tier
concordpersonalinjurylawyer.com,Concord,legal,Lawyers.com,lawyers.com,hold until a firm signs,free basic tier
concordpersonalinjurylawyer.com,Concord,legal,HG.org,hg.org,hold until a firm signs,free basic tier
concordpersonalinjurylawyer.com,Concord,legal,State bar directory,varies by state,hold until a firm signs,best local legal link there is
dallaswindowreplacementexperts.com,Dallas,home services,Google Search Console,search.google.com/search-console,todo,not a link -- how we see indexing
dallaswindowreplacementexperts.com,Dallas,home services,Bing Webmaster Tools,bing.com/webmasters,todo,import from Search Console in one click
dallaswindowreplacementexperts.com,Dallas,home services,Yelp,biz.yelp.com,todo,"real call volume; claim only, never solicit reviews"
dallaswindowreplacementexperts.com,Dallas,home services,Yellow Pages,yellowpages.com,todo,free tier
dallaswindowreplacementexperts.com,Dallas,home services,Better Business Bureau,bbb.org,todo,free listing; skip paid accreditation
dallaswindowreplacementexperts.com,Dallas,home services,Nextdoor Business,business.nextdoor.com,todo,genuinely local
dallaswindowreplacementexperts.com,Dallas,home services,Apple Business Connect,businessconnect.apple.com,todo,feeds Apple Maps and Siri
dallaswindowreplacementexperts.com,Dallas,home services,Houzz,houzz.com/pro,todo,"followed link, free pro profile"
dallaswindowreplacementexperts.com,Dallas,home services,Angi,angi.com/companylist,todo,expect sales calls
dallaswindowreplacementexperts.com,Dallas,home services,Thumbtack,thumbtack.com/pro,todo,free to list
dallaswindowreplacementexperts.com,Dallas,home services,Porch,porch.com/pro,todo,contractor directory
dallaswindowreplacementexperts.com,Dallas,home services,BuildZoom,buildzoom.com,todo,free claim
dallaswindowreplacementexperts.com,Dallas,home services,Networx,networx.com/contractor,todo,contractor directory
dallaswrongfuldeathlawyerpros.com,Dallas,legal,Google Search Console,search.google.com/search-console,todo,not a link -- how we see indexing
dallaswrongfuldeathlawyerpros.com,Dallas,legal,Bing Webmaster Tools,bing.com/webmasters,todo,import from Search Console in one click
dallaswrongfuldeathlawyerpros.com,Dallas,legal,Yelp,biz.yelp.com,todo,"real call volume; claim only, never solicit reviews"
dallaswrongfuldeathlawyerpros.com,Dallas,legal,Yellow Pages,yellowpages.com,todo,free tier
dallaswrongfuldeathlawyerpros.com,Dallas,legal,Better Business Bureau,bbb.org,todo,free listing; skip paid accreditation
dallaswrongfuldeathlawyerpros.com,Dallas,legal,Nextdoor Business,business.nextdoor.com,todo,genuinely local
dallaswrongfuldeathlawyerpros.com,Dallas,legal,Apple Business Connect,businessconnect.apple.com,todo,feeds Apple Maps and Siri
dallaswrongfuldeathlawyerpros.com,Dallas,legal,Justia,lawyers.justia.com,hold until a firm signs,strong followed link
dallaswrongfuldeathlawyerpros.com,Dallas,legal,Avvo,avvo.com/claim-your-profile,hold until a firm signs,free claim
dallaswrongfuldeathlawyerpros.com,Dallas,legal,FindLaw,lawyers.findlaw.com,hold until a firm signs,free basic tier
dallaswrongfuldeathlawyerpros.com,Dallas,legal,Lawyers.com,lawyers.com,hold until a firm signs,free basic tier
dallaswrongfuldeathlawyerpros.com,Dallas,legal,HG.org,hg.org,hold until a firm signs,free basic tier
dallaswrongfuldeathlawyerpros.com,Dallas,legal,State bar directory,varies by state,hold until a firm signs,best local legal link there is
danvillegaragedoorrepairpros.com,Danville,home services,Google Search Console,search.google.com/search-console,todo,not a link -- how we see indexing
danvillegaragedoorrepairpros.com,Danville,home services,Bing Webmaster Tools,bing.com/webmasters,todo,import from Search Console in one click
danvillegaragedoorrepairpros.com,Danville,home services,Yelp,biz.yelp.com,todo,"real call volume; claim only, never solicit reviews"
danvillegaragedoorrepairpros.com,Danville,home services,Yellow Pages,yellowpages.com,todo,free tier
danvillegaragedoorrepairpros.com,Danville,home services,Better Business Bureau,bbb.org,todo,free listing; skip paid accreditation
danvillegaragedoorrepairpros.com,Danville,home services,Nextdoor Business,business.nextdoor.com,todo,genuinely local
danvillegaragedoorrepairpros.com,Danville,home services,Apple Business Connect,businessconnect.apple.com,todo,feeds Apple Maps and Siri
danvillegaragedoorrepairpros.com,Danville,home services,Houzz,houzz.com/pro,todo,"followed link, free pro profile"
danvillegaragedoorrepairpros.com,Danville,home services,Angi,angi.com/companylist,todo,expect sales calls
danvillegaragedoorrepairpros.com,Danville,home services,Thumbtack,thumbtack.com/pro,todo,free to list
danvillegaragedoorrepairpros.com,Danville,home services,Porch,porch.com/pro,todo,contractor directory
danvillegaragedoorrepairpros.com,Danville,home services,BuildZoom,buildzoom.com,todo,free claim
danvillegaragedoorrepairpros.com,Danville,home services,Networx,networx.com/contractor,todo,contractor directory
denverdivorcelawyerpros.com,Denver,legal,Google Search Console,search.google.com/search-console,todo,not a link -- how we see indexing
denverdivorcelawyerpros.com,Denver,legal,Bing Webmaster Tools,bing.com/webmasters,todo,import from Search Console in one click
denverdivorcelawyerpros.com,Denver,legal,Yelp,biz.yelp.com,todo,"real call volume; claim only, never solicit reviews"
denverdivorcelawyerpros.com,Denver,legal,Yellow Pages,yellowpages.com,todo,free tier
denverdivorcelawyerpros.com,Denver,legal,Better Business Bureau,bbb.org,todo,free listing; skip paid accreditation
denverdivorcelawyerpros.com,Denver,legal,Nextdoor Business,business.nextdoor.com,todo,genuinely local
denverdivorcelawyerpros.com,Denver,legal,Apple Business Connect,businessconnect.apple.com,todo,feeds Apple Maps and Siri
denverdivorcelawyerpros.com,Denver,legal,Justia,lawyers.justia.com,hold until a firm signs,strong followed link
denverdivorcelawyerpros.com,Denver,legal,Avvo,avvo.com/claim-your-profile,hold until a firm signs,free claim
denverdivorcelawyerpros.com,Denver,legal,FindLaw,lawyers.findlaw.com,hold until a firm signs,free basic tier
denverdivorcelawyerpros.com,Denver,legal,Lawyers.com,lawyers.com,hold until a firm signs,free basic tier
denverdivorcelawyerpros.com,Denver,legal,HG.org,hg.org,hold until a firm signs,free basic tier
denverdivorcelawyerpros.com,Denver,legal,State bar directory,varies by state,hold until a firm signs,best local legal link there is
denverfurnacerepairpros.com,Denver,home services,Google Search Console,search.google.com/search-console,todo,not a link -- how we see indexing
denverfurnacerepairpros.com,Denver,home services,Bing Webmaster Tools,bing.com/webmasters,todo,import from Search Console in one click
denverfurnacerepairpros.com,Denver,home services,Yelp,biz.yelp.com,todo,"real call volume; claim only, never solicit reviews"
denverfurnacerepairpros.com,Denver,home services,Yellow Pages,yellowpages.com,todo,free tier
denverfurnacerepairpros.com,Denver,home services,Better Business Bureau,bbb.org,todo,free listing; skip paid accreditation
denverfurnacerepairpros.com,Denver,home services,Nextdoor Business,business.nextdoor.com,todo,genuinely local
denverfurnacerepairpros.com,Denver,home services,Apple Business Connect,businessconnect.apple.com,todo,feeds Apple Maps and Siri
denverfurnacerepairpros.com,Denver,home services,Houzz,houzz.com/pro,todo,"followed link, free pro profile"
denverfurnacerepairpros.com,Denver,home services,Angi,angi.com/companylist,todo,expect sales calls
denverfurnacerepairpros.com,Denver,home services,Thumbtack,thumbtack.com/pro,todo,free to list
denverfurnacerepairpros.com,Denver,home services,Porch,porch.com/pro,todo,contractor directory
denverfurnacerepairpros.com,Denver,home services,BuildZoom,buildzoom.com,todo,free claim
denverfurnacerepairpros.com,Denver,home services,Networx,networx.com/contractor,todo,contractor directory
edenprairiegaragedoorrepairpros.com,Eden Prairie,home services,Google Search Console,search.google.com/search-console,todo,not a link -- how we see indexing
edenprairiegaragedoorrepairpros.com,Eden Prairie,home services,Bing Webmaster Tools,bing.com/webmasters,todo,import from Search Console in one click
edenprairiegaragedoorrepairpros.com,Eden Prairie,home services,Yelp,biz.yelp.com,todo,"real call volume; claim only, never solicit reviews"
edenprairiegaragedoorrepairpros.com,Eden Prairie,home services,Yellow Pages,yellowpages.com,todo,free tier
edenprairiegaragedoorrepairpros.com,Eden Prairie,home services,Better Business Bureau,bbb.org,todo,free listing; skip paid accreditation
edenprairiegaragedoorrepairpros.com,Eden Prairie,home services,Nextdoor Business,business.nextdoor.com,todo,genuinely local
edenprairiegaragedoorrepairpros.com,Eden Prairie,home services,Apple Business Connect,businessconnect.apple.com,todo,feeds Apple Maps and Siri
edenprairiegaragedoorrepairpros.com,Eden Prairie,home services,Houzz,houzz.com/pro,todo,"followed link, free pro profile"
edenprairiegaragedoorrepairpros.com,Eden Prairie,home services,Angi,angi.com/companylist,todo,expect sales calls
edenprairiegaragedoorrepairpros.com,Eden Prairie,home services,Thumbtack,thumbtack.com/pro,todo,free to list
edenprairiegaragedoorrepairpros.com,Eden Prairie,home services,Porch,porch.com/pro,todo,contractor directory
edenprairiegaragedoorrepairpros.com,Eden Prairie,home services,BuildZoom,buildzoom.com,todo,free claim
edenprairiegaragedoorrepairpros.com,Eden Prairie,home services,Networx,networx.com/contractor,todo,contractor directory
fortlauderdaledomesticviolencelawyer.com,Fort Lauderdale,legal,Google Search Console,search.google.com/search-console,todo,not a link -- how we see indexing
fortlauderdaledomesticviolencelawyer.com,Fort Lauderdale,legal,Bing Webmaster Tools,bing.com/webmasters,todo,import from Search Console in one click
fortlauderdaledomesticviolencelawyer.com,Fort Lauderdale,legal,Yelp,biz.yelp.com,todo,"real call volume; claim only, never solicit reviews"
fortlauderdaledomesticviolencelawyer.com,Fort Lauderdale,legal,Yellow Pages,yellowpages.com,todo,free tier
fortlauderdaledomesticviolencelawyer.com,Fort Lauderdale,legal,Better Business Bureau,bbb.org,todo,free listing; skip paid accreditation
fortlauderdaledomesticviolencelawyer.com,Fort Lauderdale,legal,Nextdoor Business,business.nextdoor.com,todo,genuinely local
fortlauderdaledomesticviolencelawyer.com,Fort Lauderdale,legal,Apple Business Connect,businessconnect.apple.com,todo,feeds Apple Maps and Siri
fortlauderdaledomesticviolencelawyer.com,Fort Lauderdale,legal,Justia,lawyers.justia.com,hold until a firm signs,strong followed link
fortlauderdaledomesticviolencelawyer.com,Fort Lauderdale,legal,Avvo,avvo.com/claim-your-profile,hold until a firm signs,free claim
fortlauderdaledomesticviolencelawyer.com,Fort Lauderdale,legal,FindLaw,lawyers.findlaw.com,hold until a firm signs,free basic tier
fortlauderdaledomesticviolencelawyer.com,Fort Lauderdale,legal,Lawyers.com,lawyers.com,hold until a firm signs,free basic tier
fortlauderdaledomesticviolencelawyer.com,Fort Lauderdale,legal,HG.org,hg.org,hold until a firm signs,free basic tier
fortlauderdaledomesticviolencelawyer.com,Fort Lauderdale,legal,State bar directory,varies by state,hold until a firm signs,best local legal link there is
fortworthgaragedoorrepairpros.com,Fort Worth,home services,Google Search Console,search.google.com/search-console,todo,not a link -- how we see indexing
fortworthgaragedoorrepairpros.com,Fort Worth,home services,Bing Webmaster Tools,bing.com/webmasters,todo,import from Search Console in one click
fortworthgaragedoorrepairpros.com,Fort Worth,home services,Yelp,biz.yelp.com,todo,"real call volume; claim only, never solicit reviews"
fortworthgaragedoorrepairpros.com,Fort Worth,home services,Yellow Pages,yellowpages.com,todo,free tier
fortworthgaragedoorrepairpros.com,Fort Worth,home services,Better Business Bureau,bbb.org,todo,free listing; skip paid accreditation
fortworthgaragedoorrepairpros.com,Fort Worth,home services,Nextdoor Business,business.nextdoor.com,todo,genuinely local
fortworthgaragedoorrepairpros.com,Fort Worth,home services,Apple Business Connect,businessconnect.apple.com,todo,feeds Apple Maps and Siri
fortworthgaragedoorrepairpros.com,Fort Worth,home services,Houzz,houzz.com/pro,todo,"followed link, free pro profile"
fortworthgaragedoorrepairpros.com,Fort Worth,home services,Angi,angi.com/companylist,todo,expect sales calls
fortworthgaragedoorrepairpros.com,Fort Worth,home services,Thumbtack,thumbtack.com/pro,todo,free to list
fortworthgaragedoorrepairpros.com,Fort Worth,home services,Porch,porch.com/pro,todo,contractor directory
fortworthgaragedoorrepairpros.com,Fort Worth,home services,BuildZoom,buildzoom.com,todo,free claim
fortworthgaragedoorrepairpros.com,Fort Worth,home services,Networx,networx.com/contractor,todo,contractor directory
foundationrepairaustinco.com,Austin,home services,Google Search Console,search.google.com/search-console,todo,not a link -- how we see indexing
foundationrepairaustinco.com,Austin,home services,Bing Webmaster Tools,bing.com/webmasters,todo,import from Search Console in one click
foundationrepairaustinco.com,Austin,home services,Yelp,biz.yelp.com,todo,"real call volume; claim only, never solicit reviews"
foundationrepairaustinco.com,Austin,home services,Yellow Pages,yellowpages.com,todo,free tier
foundationrepairaustinco.com,Austin,home services,Better Business Bureau,bbb.org,todo,free listing; skip paid accreditation
foundationrepairaustinco.com,Austin,home services,Nextdoor Business,business.nextdoor.com,todo,genuinely local
foundationrepairaustinco.com,Austin,home services,Apple Business Connect,businessconnect.apple.com,todo,feeds Apple Maps and Siri
foundationrepairaustinco.com,Austin,home services,Houzz,houzz.com/pro,todo,"followed link, free pro profile"
foundationrepairaustinco.com,Austin,home services,Angi,angi.com/companylist,todo,expect sales calls
foundationrepairaustinco.com,Austin,home services,Thumbtack,thumbtack.com/pro,todo,free to list
foundationrepairaustinco.com,Austin,home services,Porch,porch.com/pro,todo,contractor directory
foundationrepairaustinco.com,Austin,home services,BuildZoom,buildzoom.com,todo,free claim
foundationrepairaustinco.com,Austin,home services,Networx,networx.com/contractor,todo,contractor directory
fresnowrongfuldeathlawyerpros.com,Fresno,legal,Google Search Console,search.google.com/search-console,todo,not a link -- how we see indexing
fresnowrongfuldeathlawyerpros.com,Fresno,legal,Bing Webmaster Tools,bing.com/webmasters,todo,import from Search Console in one click
fresnowrongfuldeathlawyerpros.com,Fresno,legal,Yelp,biz.yelp.com,todo,"real call volume; claim only, never solicit reviews"
fresnowrongfuldeathlawyerpros.com,Fresno,legal,Yellow Pages,yellowpages.com,todo,free tier
fresnowrongfuldeathlawyerpros.com,Fresno,legal,Better Business Bureau,bbb.org,todo,free listing; skip paid accreditation
fresnowrongfuldeathlawyerpros.com,Fresno,legal,Nextdoor Business,business.nextdoor.com,todo,genuinely local
fresnowrongfuldeathlawyerpros.com,Fresno,legal,Apple Business Connect,businessconnect.apple.com,todo,feeds Apple Maps and Siri
fresnowrongfuldeathlawyerpros.com,Fresno,legal,Justia,lawyers.justia.com,hold until a firm signs,strong followed link
fresnowrongfuldeathlawyerpros.com,Fresno,legal,Avvo,avvo.com/claim-your-profile,hold until a firm signs,free claim
fresnowrongfuldeathlawyerpros.com,Fresno,legal,FindLaw,lawyers.findlaw.com,hold until a firm signs,free basic tier
fresnowrongfuldeathlawyerpros.com,Fresno,legal,Lawyers.com,lawyers.com,hold until a firm signs,free basic tier
fresnowrongfuldeathlawyerpros.com,Fresno,legal,HG.org,hg.org,hold until a firm signs,free basic tier
fresnowrongfuldeathlawyerpros.com,Fresno,legal,State bar directory,varies by state,hold until a firm signs,best local legal link there is
friscogaragedoorrepairexperts.com,Frisco,home services,Google Search Console,search.google.com/search-console,todo,not a link -- how we see indexing
friscogaragedoorrepairexperts.com,Frisco,home services,Bing Webmaster Tools,bing.com/webmasters,todo,import from Search Console in one click
friscogaragedoorrepairexperts.com,Frisco,home services,Yelp,biz.yelp.com,todo,"real call volume; claim only, never solicit reviews"
friscogaragedoorrepairexperts.com,Frisco,home services,Yellow Pages,yellowpages.com,todo,free tier
friscogaragedoorrepairexperts.com,Frisco,home services,Better Business Bureau,bbb.org,todo,free listing; skip paid accreditation
friscogaragedoorrepairexperts.com,Frisco,home services,Nextdoor Business,business.nextdoor.com,todo,genuinely local
friscogaragedoorrepairexperts.com,Frisco,home services,Apple Business Connect,businessconnect.apple.com,todo,feeds Apple Maps and Siri
friscogaragedoorrepairexperts.com,Frisco,home services,Houzz,houzz.com/pro,todo,"followed link, free pro profile"
friscogaragedoorrepairexperts.com,Frisco,home services,Angi,angi.com/companylist,todo,expect sales calls
friscogaragedoorrepairexperts.com,Frisco,home services,Thumbtack,thumbtack.com/pro,todo,free to list
friscogaragedoorrepairexperts.com,Frisco,home services,Porch,porch.com/pro,todo,contractor directory
friscogaragedoorrepairexperts.com,Frisco,home services,BuildZoom,buildzoom.com,todo,free claim
friscogaragedoorrepairexperts.com,Frisco,home services,Networx,networx.com/contractor,todo,contractor directory
garagedoorrepairnapervillepros.com,Naperville,home services,Google Search Console,search.google.com/search-console,todo,not a link -- how we see indexing
garagedoorrepairnapervillepros.com,Naperville,home services,Bing Webmaster Tools,bing.com/webmasters,todo,import from Search Console in one click
garagedoorrepairnapervillepros.com,Naperville,home services,Yelp,biz.yelp.com,todo,"real call volume; claim only, never solicit reviews"
garagedoorrepairnapervillepros.com,Naperville,home services,Yellow Pages,yellowpages.com,todo,free tier
garagedoorrepairnapervillepros.com,Naperville,home services,Better Business Bureau,bbb.org,todo,free listing; skip paid accreditation
garagedoorrepairnapervillepros.com,Naperville,home services,Nextdoor Business,business.nextdoor.com,todo,genuinely local
garagedoorrepairnapervillepros.com,Naperville,home services,Apple Business Connect,businessconnect.apple.com,todo,feeds Apple Maps and Siri
garagedoorrepairnapervillepros.com,Naperville,home services,Houzz,houzz.com/pro,todo,"followed link, free pro profile"
garagedoorrepairnapervillepros.com,Naperville,home services,Angi,angi.com/companylist,todo,expect sales calls
garagedoorrepairnapervillepros.com,Naperville,home services,Thumbtack,thumbtack.com/pro,todo,free to list
garagedoorrepairnapervillepros.com,Naperville,home services,Porch,porch.com/pro,todo,contractor directory
garagedoorrepairnapervillepros.com,Naperville,home services,BuildZoom,buildzoom.com,todo,free claim
garagedoorrepairnapervillepros.com,Naperville,home services,Networx,networx.com/contractor,todo,contractor directory
garlandgaragedoorrepairexperts.com,Garland,home services,Google Search Console,search.google.com/search-console,todo,not a link -- how we see indexing
garlandgaragedoorrepairexperts.com,Garland,home services,Bing Webmaster Tools,bing.com/webmasters,todo,import from Search Console in one click
garlandgaragedoorrepairexperts.com,Garland,home services,Yelp,biz.yelp.com,todo,"real call volume; claim only, never solicit reviews"
garlandgaragedoorrepairexperts.com,Garland,home services,Yellow Pages,yellowpages.com,todo,free tier
garlandgaragedoorrepairexperts.com,Garland,home services,Better Business Bureau,bbb.org,todo,free listing; skip paid accreditation
garlandgaragedoorrepairexperts.com,Garland,home services,Nextdoor Business,business.nextdoor.com,todo,genuinely local
garlandgaragedoorrepairexperts.com,Garland,home services,Apple Business Connect,businessconnect.apple.com,todo,feeds Apple Maps and Siri
garlandgaragedoorrepairexperts.com,Garland,home services,Houzz,houzz.com/pro,todo,"followed link, free pro profile"
garlandgaragedoorrepairexperts.com,Garland,home services,Angi,angi.com/companylist,todo,expect sales calls
garlandgaragedoorrepairexperts.com,Garland,home services,Thumbtack,thumbtack.com/pro,todo,free to list
garlandgaragedoorrepairexperts.com,Garland,home services,Porch,porch.com/pro,todo,contractor directory
garlandgaragedoorrepairexperts.com,Garland,home services,BuildZoom,buildzoom.com,todo,free claim
garlandgaragedoorrepairexperts.com,Garland,home services,Networx,networx.com/contractor,todo,contractor directory
harrisburgcaraccidentlawyerpros.com,Harrisburg,legal,Google Search Console,search.google.com/search-console,todo,not a link -- how we see indexing
harrisburgcaraccidentlawyerpros.com,Harrisburg,legal,Bing Webmaster Tools,bing.com/webmasters,todo,import from Search Console in one click
harrisburgcaraccidentlawyerpros.com,Harrisburg,legal,Yelp,biz.yelp.com,todo,"real call volume; claim only, never solicit reviews"
harrisburgcaraccidentlawyerpros.com,Harrisburg,legal,Yellow Pages,yellowpages.com,todo,free tier
harrisburgcaraccidentlawyerpros.com,Harrisburg,legal,Better Business Bureau,bbb.org,todo,free listing; skip paid accreditation
harrisburgcaraccidentlawyerpros.com,Harrisburg,legal,Nextdoor Business,business.nextdoor.com,todo,genuinely local
harrisburgcaraccidentlawyerpros.com,Harrisburg,legal,Apple Business Connect,businessconnect.apple.com,todo,feeds Apple Maps and Siri
harrisburgcaraccidentlawyerpros.com,Harrisburg,legal,Justia,lawyers.justia.com,hold until a firm signs,strong followed link
harrisburgcaraccidentlawyerpros.com,Harrisburg,legal,Avvo,avvo.com/claim-your-profile,hold until a firm signs,free claim
harrisburgcaraccidentlawyerpros.com,Harrisburg,legal,FindLaw,lawyers.findlaw.com,hold until a firm signs,free basic tier
harrisburgcaraccidentlawyerpros.com,Harrisburg,legal,Lawyers.com,lawyers.com,hold until a firm signs,free basic tier
harrisburgcaraccidentlawyerpros.com,Harrisburg,legal,HG.org,hg.org,hold until a firm signs,free basic tier
harrisburgcaraccidentlawyerpros.com,Harrisburg,legal,State bar directory,varies by state,hold until a firm signs,best local legal link there is
houstonmotorcycleaccidentlawyerpros.com,Houston,legal,Google Search Console,search.google.com/search-console,todo,not a link -- how we see indexing
houstonmotorcycleaccidentlawyerpros.com,Houston,legal,Bing Webmaster Tools,bing.com/webmasters,todo,import from Search Console in one click
houstonmotorcycleaccidentlawyerpros.com,Houston,legal,Yelp,biz.yelp.com,todo,"real call volume; claim only, never solicit reviews"
houstonmotorcycleaccidentlawyerpros.com,Houston,legal,Yellow Pages,yellowpages.com,todo,free tier
houstonmotorcycleaccidentlawyerpros.com,Houston,legal,Better Business Bureau,bbb.org,todo,free listing; skip paid accreditation
houstonmotorcycleaccidentlawyerpros.com,Houston,legal,Nextdoor Business,business.nextdoor.com,todo,genuinely local
houstonmotorcycleaccidentlawyerpros.com,Houston,legal,Apple Business Connect,businessconnect.apple.com,todo,feeds Apple Maps and Siri
houstonmotorcycleaccidentlawyerpros.com,Houston,legal,Justia,lawyers.justia.com,hold until a firm signs,strong followed link
houstonmotorcycleaccidentlawyerpros.com,Houston,legal,Avvo,avvo.com/claim-your-profile,hold until a firm signs,free claim
houstonmotorcycleaccidentlawyerpros.com,Houston,legal,FindLaw,lawyers.findlaw.com,hold until a firm signs,free basic tier
houstonmotorcycleaccidentlawyerpros.com,Houston,legal,Lawyers.com,lawyers.com,hold until a firm signs,free basic tier
houstonmotorcycleaccidentlawyerpros.com,Houston,legal,HG.org,hg.org,hold until a firm signs,free basic tier
houstonmotorcycleaccidentlawyerpros.com,Houston,legal,State bar directory,varies by state,hold until a firm signs,best local legal link there is
jacksonvilleemergencyplumberpros.com,Jacksonville,home services,Google Search Console,search.google.com/search-console,todo,not a link -- how we see indexing
jacksonvilleemergencyplumberpros.com,Jacksonville,home services,Bing Webmaster Tools,bing.com/webmasters,todo,import from Search Console in one click
jacksonvilleemergencyplumberpros.com,Jacksonville,home services,Yelp,biz.yelp.com,todo,"real call volume; claim only, never solicit reviews"
jacksonvilleemergencyplumberpros.com,Jacksonville,home services,Yellow Pages,yellowpages.com,todo,free tier
jacksonvilleemergencyplumberpros.com,Jacksonville,home services,Better Business Bureau,bbb.org,todo,free listing; skip paid accreditation
jacksonvilleemergencyplumberpros.com,Jacksonville,home services,Nextdoor Business,business.nextdoor.com,todo,genuinely local
jacksonvilleemergencyplumberpros.com,Jacksonville,home services,Apple Business Connect,businessconnect.apple.com,todo,feeds Apple Maps and Siri
jacksonvilleemergencyplumberpros.com,Jacksonville,home services,Houzz,houzz.com/pro,todo,"followed link, free pro profile"
jacksonvilleemergencyplumberpros.com,Jacksonville,home services,Angi,angi.com/companylist,todo,expect sales calls
jacksonvilleemergencyplumberpros.com,Jacksonville,home services,Thumbtack,thumbtack.com/pro,todo,free to list
jacksonvilleemergencyplumberpros.com,Jacksonville,home services,Porch,porch.com/pro,todo,contractor directory
jacksonvilleemergencyplumberpros.com,Jacksonville,home services,BuildZoom,buildzoom.com,todo,free claim
jacksonvilleemergencyplumberpros.com,Jacksonville,home services,Networx,networx.com/contractor,todo,contractor directory
jacksonvillewrongfuldeathlawyerpros.com,Jacksonville,legal,Google Search Console,search.google.com/search-console,todo,not a link -- how we see indexing
jacksonvillewrongfuldeathlawyerpros.com,Jacksonville,legal,Bing Webmaster Tools,bing.com/webmasters,todo,import from Search Console in one click
jacksonvillewrongfuldeathlawyerpros.com,Jacksonville,legal,Yelp,biz.yelp.com,todo,"real call volume; claim only, never solicit reviews"
jacksonvillewrongfuldeathlawyerpros.com,Jacksonville,legal,Yellow Pages,yellowpages.com,todo,free tier
jacksonvillewrongfuldeathlawyerpros.com,Jacksonville,legal,Better Business Bureau,bbb.org,todo,free listing; skip paid accreditation
jacksonvillewrongfuldeathlawyerpros.com,Jacksonville,legal,Nextdoor Business,business.nextdoor.com,todo,genuinely local
jacksonvillewrongfuldeathlawyerpros.com,Jacksonville,legal,Apple Business Connect,businessconnect.apple.com,todo,feeds Apple Maps and Siri
jacksonvillewrongfuldeathlawyerpros.com,Jacksonville,legal,Justia,lawyers.justia.com,hold until a firm signs,strong followed link
jacksonvillewrongfuldeathlawyerpros.com,Jacksonville,legal,Avvo,avvo.com/claim-your-profile,hold until a firm signs,free claim
jacksonvillewrongfuldeathlawyerpros.com,Jacksonville,legal,FindLaw,lawyers.findlaw.com,hold until a firm signs,free basic tier
jacksonvillewrongfuldeathlawyerpros.com,Jacksonville,legal,Lawyers.com,lawyers.com,hold until a firm signs,free basic tier
jacksonvillewrongfuldeathlawyerpros.com,Jacksonville,legal,HG.org,hg.org,hold until a firm signs,free basic tier
jacksonvillewrongfuldeathlawyerpros.com,Jacksonville,legal,State bar directory,varies by state,hold until a firm signs,best local legal link there is
jonesboropersonalinjurylawyerpros.com,Jonesboro,legal,Google Search Console,search.google.com/search-console,todo,not a link -- how we see indexing
jonesboropersonalinjurylawyerpros.com,Jonesboro,legal,Bing Webmaster Tools,bing.com/webmasters,todo,import from Search Console in one click
jonesboropersonalinjurylawyerpros.com,Jonesboro,legal,Yelp,biz.yelp.com,todo,"real call volume; claim only, never solicit reviews"
jonesboropersonalinjurylawyerpros.com,Jonesboro,legal,Yellow Pages,yellowpages.com,todo,free tier
jonesboropersonalinjurylawyerpros.com,Jonesboro,legal,Better Business Bureau,bbb.org,todo,free listing; skip paid accreditation
jonesboropersonalinjurylawyerpros.com,Jonesboro,legal,Nextdoor Business,business.nextdoor.com,todo,genuinely local
jonesboropersonalinjurylawyerpros.com,Jonesboro,legal,Apple Business Connect,businessconnect.apple.com,todo,feeds Apple Maps and Siri
jonesboropersonalinjurylawyerpros.com,Jonesboro,legal,Justia,lawyers.justia.com,hold until a firm signs,strong followed link
jonesboropersonalinjurylawyerpros.com,Jonesboro,legal,Avvo,avvo.com/claim-your-profile,hold until a firm signs,free claim
jonesboropersonalinjurylawyerpros.com,Jonesboro,legal,FindLaw,lawyers.findlaw.com,hold until a firm signs,free basic tier
jonesboropersonalinjurylawyerpros.com,Jonesboro,legal,Lawyers.com,lawyers.com,hold until a firm signs,free basic tier
jonesboropersonalinjurylawyerpros.com,Jonesboro,legal,HG.org,hg.org,hold until a firm signs,free basic tier
jonesboropersonalinjurylawyerpros.com,Jonesboro,legal,State bar directory,varies by state,hold until a firm signs,best local legal link there is
kansascityemergencyplumber.com,Kansas City,home services,Google Search Console,search.google.com/search-console,todo,not a link -- how we see indexing
kansascityemergencyplumber.com,Kansas City,home services,Bing Webmaster Tools,bing.com/webmasters,todo,import from Search Console in one click
kansascityemergencyplumber.com,Kansas City,home services,Yelp,biz.yelp.com,todo,"real call volume; claim only, never solicit reviews"
kansascityemergencyplumber.com,Kansas City,home services,Yellow Pages,yellowpages.com,todo,free tier
kansascityemergencyplumber.com,Kansas City,home services,Better Business Bureau,bbb.org,todo,free listing; skip paid accreditation
kansascityemergencyplumber.com,Kansas City,home services,Nextdoor Business,business.nextdoor.com,todo,genuinely local
kansascityemergencyplumber.com,Kansas City,home services,Apple Business Connect,businessconnect.apple.com,todo,feeds Apple Maps and Siri
kansascityemergencyplumber.com,Kansas City,home services,Houzz,houzz.com/pro,todo,"followed link, free pro profile"
kansascityemergencyplumber.com,Kansas City,home services,Angi,angi.com/companylist,todo,expect sales calls
kansascityemergencyplumber.com,Kansas City,home services,Thumbtack,thumbtack.com/pro,todo,free to list
kansascityemergencyplumber.com,Kansas City,home services,Porch,porch.com/pro,todo,contractor directory
kansascityemergencyplumber.com,Kansas City,home services,BuildZoom,buildzoom.com,todo,free claim
kansascityemergencyplumber.com,Kansas City,home services,Networx,networx.com/contractor,todo,contractor directory
lasvegasdogbitelawyerpros.com,Las Vegas,legal,Google Search Console,search.google.com/search-console,todo,not a link -- how we see indexing
lasvegasdogbitelawyerpros.com,Las Vegas,legal,Bing Webmaster Tools,bing.com/webmasters,todo,import from Search Console in one click
lasvegasdogbitelawyerpros.com,Las Vegas,legal,Yelp,biz.yelp.com,todo,"real call volume; claim only, never solicit reviews"
lasvegasdogbitelawyerpros.com,Las Vegas,legal,Yellow Pages,yellowpages.com,todo,free tier
lasvegasdogbitelawyerpros.com,Las Vegas,legal,Better Business Bureau,bbb.org,todo,free listing; skip paid accreditation
lasvegasdogbitelawyerpros.com,Las Vegas,legal,Nextdoor Business,business.nextdoor.com,todo,genuinely local
lasvegasdogbitelawyerpros.com,Las Vegas,legal,Apple Business Connect,businessconnect.apple.com,todo,feeds Apple Maps and Siri
lasvegasdogbitelawyerpros.com,Las Vegas,legal,Justia,lawyers.justia.com,hold until a firm signs,strong followed link
lasvegasdogbitelawyerpros.com,Las Vegas,legal,Avvo,avvo.com/claim-your-profile,hold until a firm signs,free claim
lasvegasdogbitelawyerpros.com,Las Vegas,legal,FindLaw,lawyers.findlaw.com,hold until a firm signs,free basic tier
lasvegasdogbitelawyerpros.com,Las Vegas,legal,Lawyers.com,lawyers.com,hold until a firm signs,free basic tier
lasvegasdogbitelawyerpros.com,Las Vegas,legal,HG.org,hg.org,hold until a firm signs,free basic tier
lasvegasdogbitelawyerpros.com,Las Vegas,legal,State bar directory,varies by state,hold until a firm signs,best local legal link there is
longbeachpersonalinjurylawyerpros.com,Long Beach,legal,Google Search Console,search.google.com/search-console,todo,not a link -- how we see indexing
longbeachpersonalinjurylawyerpros.com,Long Beach,legal,Bing Webmaster Tools,bing.com/webmasters,todo,import from Search Console in one click
longbeachpersonalinjurylawyerpros.com,Long Beach,legal,Yelp,biz.yelp.com,todo,"real call volume; claim only, never solicit reviews"
longbeachpersonalinjurylawyerpros.com,Long Beach,legal,Yellow Pages,yellowpages.com,todo,free tier
longbeachpersonalinjurylawyerpros.com,Long Beach,legal,Better Business Bureau,bbb.org,todo,free listing; skip paid accreditation
longbeachpersonalinjurylawyerpros.com,Long Beach,legal,Nextdoor Business,business.nextdoor.com,todo,genuinely local
longbeachpersonalinjurylawyerpros.com,Long Beach,legal,Apple Business Connect,businessconnect.apple.com,todo,feeds Apple Maps and Siri
longbeachpersonalinjurylawyerpros.com,Long Beach,legal,Justia,lawyers.justia.com,hold until a firm signs,strong followed link
longbeachpersonalinjurylawyerpros.com,Long Beach,legal,Avvo,avvo.com/claim-your-profile,hold until a firm signs,free claim
longbeachpersonalinjurylawyerpros.com,Long Beach,legal,FindLaw,lawyers.findlaw.com,hold until a firm signs,free basic tier
longbeachpersonalinjurylawyerpros.com,Long Beach,legal,Lawyers.com,lawyers.com,hold until a firm signs,free basic tier
longbeachpersonalinjurylawyerpros.com,Long Beach,legal,HG.org,hg.org,hold until a firm signs,free basic tier
longbeachpersonalinjurylawyerpros.com,Long Beach,legal,State bar directory,varies by state,hold until a firm signs,best local legal link there is
losangelesacinstall.com,Los Angeles,home services,Google Search Console,search.google.com/search-console,todo,not a link -- how we see indexing
losangelesacinstall.com,Los Angeles,home services,Bing Webmaster Tools,bing.com/webmasters,todo,import from Search Console in one click
losangelesacinstall.com,Los Angeles,home services,Yelp,biz.yelp.com,todo,"real call volume; claim only, never solicit reviews"
losangelesacinstall.com,Los Angeles,home services,Yellow Pages,yellowpages.com,todo,free tier
losangelesacinstall.com,Los Angeles,home services,Better Business Bureau,bbb.org,todo,free listing; skip paid accreditation
losangelesacinstall.com,Los Angeles,home services,Nextdoor Business,business.nextdoor.com,todo,genuinely local
losangelesacinstall.com,Los Angeles,home services,Apple Business Connect,businessconnect.apple.com,todo,feeds Apple Maps and Siri
losangelesacinstall.com,Los Angeles,home services,Houzz,houzz.com/pro,todo,"followed link, free pro profile"
losangelesacinstall.com,Los Angeles,home services,Angi,angi.com/companylist,todo,expect sales calls
losangelesacinstall.com,Los Angeles,home services,Thumbtack,thumbtack.com/pro,todo,free to list
losangelesacinstall.com,Los Angeles,home services,Porch,porch.com/pro,todo,contractor directory
losangelesacinstall.com,Los Angeles,home services,BuildZoom,buildzoom.com,todo,free claim
losangelesacinstall.com,Los Angeles,home services,Networx,networx.com/contractor,todo,contractor directory
losangelesdogbitelawyerpros.com,Los Angeles,legal,Google Search Console,search.google.com/search-console,todo,not a link -- how we see indexing
losangelesdogbitelawyerpros.com,Los Angeles,legal,Bing Webmaster Tools,bing.com/webmasters,todo,import from Search Console in one click
losangelesdogbitelawyerpros.com,Los Angeles,legal,Yelp,biz.yelp.com,todo,"real call volume; claim only, never solicit reviews"
losangelesdogbitelawyerpros.com,Los Angeles,legal,Yellow Pages,yellowpages.com,todo,free tier
losangelesdogbitelawyerpros.com,Los Angeles,legal,Better Business Bureau,bbb.org,todo,free listing; skip paid accreditation
losangelesdogbitelawyerpros.com,Los Angeles,legal,Nextdoor Business,business.nextdoor.com,todo,genuinely local
losangelesdogbitelawyerpros.com,Los Angeles,legal,Apple Business Connect,businessconnect.apple.com,todo,feeds Apple Maps and Siri
losangelesdogbitelawyerpros.com,Los Angeles,legal,Justia,lawyers.justia.com,hold until a firm signs,strong followed link
losangelesdogbitelawyerpros.com,Los Angeles,legal,Avvo,avvo.com/claim-your-profile,hold until a firm signs,free claim
losangelesdogbitelawyerpros.com,Los Angeles,legal,FindLaw,lawyers.findlaw.com,hold until a firm signs,free basic tier
losangelesdogbitelawyerpros.com,Los Angeles,legal,Lawyers.com,lawyers.com,hold until a firm signs,free basic tier
losangelesdogbitelawyerpros.com,Los Angeles,legal,HG.org,hg.org,hold until a firm signs,free basic tier
losangelesdogbitelawyerpros.com,Los Angeles,legal,State bar directory,varies by state,hold until a firm signs,best local legal link there is
louisvillecaraccidentlawyerpros.com,Louisville,legal,Google Search Console,search.google.com/search-console,todo,not a link -- how we see indexing
louisvillecaraccidentlawyerpros.com,Louisville,legal,Bing Webmaster Tools,bing.com/webmasters,todo,import from Search Console in one click
louisvillecaraccidentlawyerpros.com,Louisville,legal,Yelp,biz.yelp.com,todo,"real call volume; claim only, never solicit reviews"
louisvillecaraccidentlawyerpros.com,Louisville,legal,Yellow Pages,yellowpages.com,todo,free tier
louisvillecaraccidentlawyerpros.com,Louisville,legal,Better Business Bureau,bbb.org,todo,free listing; skip paid accreditation
louisvillecaraccidentlawyerpros.com,Louisville,legal,Nextdoor Business,business.nextdoor.com,todo,genuinely local
louisvillecaraccidentlawyerpros.com,Louisville,legal,Apple Business Connect,businessconnect.apple.com,todo,feeds Apple Maps and Siri
louisvillecaraccidentlawyerpros.com,Louisville,legal,Justia,lawyers.justia.com,hold until a firm signs,strong followed link
louisvillecaraccidentlawyerpros.com,Louisville,legal,Avvo,avvo.com/claim-your-profile,hold until a firm signs,free claim
louisvillecaraccidentlawyerpros.com,Louisville,legal,FindLaw,lawyers.findlaw.com,hold until a firm signs,free basic tier
louisvillecaraccidentlawyerpros.com,Louisville,legal,Lawyers.com,lawyers.com,hold until a firm signs,free basic tier
louisvillecaraccidentlawyerpros.com,Louisville,legal,HG.org,hg.org,hold until a firm signs,free basic tier
louisvillecaraccidentlawyerpros.com,Louisville,legal,State bar directory,varies by state,hold until a firm signs,best local legal link there is
mariettagaragedoorrepairpros.com,Marietta,home services,Google Search Console,search.google.com/search-console,todo,not a link -- how we see indexing
mariettagaragedoorrepairpros.com,Marietta,home services,Bing Webmaster Tools,bing.com/webmasters,todo,import from Search Console in one click
mariettagaragedoorrepairpros.com,Marietta,home services,Yelp,biz.yelp.com,todo,"real call volume; claim only, never solicit reviews"
mariettagaragedoorrepairpros.com,Marietta,home services,Yellow Pages,yellowpages.com,todo,free tier
mariettagaragedoorrepairpros.com,Marietta,home services,Better Business Bureau,bbb.org,todo,free listing; skip paid accreditation
mariettagaragedoorrepairpros.com,Marietta,home services,Nextdoor Business,business.nextdoor.com,todo,genuinely local
mariettagaragedoorrepairpros.com,Marietta,home services,Apple Business Connect,businessconnect.apple.com,todo,feeds Apple Maps and Siri
mariettagaragedoorrepairpros.com,Marietta,home services,Houzz,houzz.com/pro,todo,"followed link, free pro profile"
mariettagaragedoorrepairpros.com,Marietta,home services,Angi,angi.com/companylist,todo,expect sales calls
mariettagaragedoorrepairpros.com,Marietta,home services,Thumbtack,thumbtack.com/pro,todo,free to list
mariettagaragedoorrepairpros.com,Marietta,home services,Porch,porch.com/pro,todo,contractor directory
mariettagaragedoorrepairpros.com,Marietta,home services,BuildZoom,buildzoom.com,todo,free claim
mariettagaragedoorrepairpros.com,Marietta,home services,Networx,networx.com/contractor,todo,contractor directory
mckinneygaragedoorrepairpros.com,McKinney,home services,Google Search Console,search.google.com/search-console,todo,not a link -- how we see indexing
mckinneygaragedoorrepairpros.com,McKinney,home services,Bing Webmaster Tools,bing.com/webmasters,todo,import from Search Console in one click
mckinneygaragedoorrepairpros.com,McKinney,home services,Yelp,biz.yelp.com,todo,"real call volume; claim only, never solicit reviews"
mckinneygaragedoorrepairpros.com,McKinney,home services,Yellow Pages,yellowpages.com,todo,free tier
mckinneygaragedoorrepairpros.com,McKinney,home services,Better Business Bureau,bbb.org,todo,free listing; skip paid accreditation
mckinneygaragedoorrepairpros.com,McKinney,home services,Nextdoor Business,business.nextdoor.com,todo,genuinely local
mckinneygaragedoorrepairpros.com,McKinney,home services,Apple Business Connect,businessconnect.apple.com,todo,feeds Apple Maps and Siri
mckinneygaragedoorrepairpros.com,McKinney,home services,Houzz,houzz.com/pro,todo,"followed link, free pro profile"
mckinneygaragedoorrepairpros.com,McKinney,home services,Angi,angi.com/companylist,todo,expect sales calls
mckinneygaragedoorrepairpros.com,McKinney,home services,Thumbtack,thumbtack.com/pro,todo,free to list
mckinneygaragedoorrepairpros.com,McKinney,home services,Porch,porch.com/pro,todo,contractor directory
mckinneygaragedoorrepairpros.com,McKinney,home services,BuildZoom,buildzoom.com,todo,free claim
mckinneygaragedoorrepairpros.com,McKinney,home services,Networx,networx.com/contractor,todo,contractor directory
mesquiteacrepairpros.com,Mesquite,home services,Google Search Console,search.google.com/search-console,todo,not a link -- how we see indexing
mesquiteacrepairpros.com,Mesquite,home services,Bing Webmaster Tools,bing.com/webmasters,todo,import from Search Console in one click
mesquiteacrepairpros.com,Mesquite,home services,Yelp,biz.yelp.com,todo,"real call volume; claim only, never solicit reviews"
mesquiteacrepairpros.com,Mesquite,home services,Yellow Pages,yellowpages.com,todo,free tier
mesquiteacrepairpros.com,Mesquite,home services,Better Business Bureau,bbb.org,todo,free listing; skip paid accreditation
mesquiteacrepairpros.com,Mesquite,home services,Nextdoor Business,business.nextdoor.com,todo,genuinely local
mesquiteacrepairpros.com,Mesquite,home services,Apple Business Connect,businessconnect.apple.com,todo,feeds Apple Maps and Siri
mesquiteacrepairpros.com,Mesquite,home services,Houzz,houzz.com/pro,todo,"followed link, free pro profile"
mesquiteacrepairpros.com,Mesquite,home services,Angi,angi.com/companylist,todo,expect sales calls
mesquiteacrepairpros.com,Mesquite,home services,Thumbtack,thumbtack.com/pro,todo,free to list
mesquiteacrepairpros.com,Mesquite,home services,Porch,porch.com/pro,todo,contractor directory
mesquiteacrepairpros.com,Mesquite,home services,BuildZoom,buildzoom.com,todo,free claim
mesquiteacrepairpros.com,Mesquite,home services,Networx,networx.com/contractor,todo,contractor directory
modestoacrepairpros.com,Modesto,home services,Google Search Console,search.google.com/search-console,todo,not a link -- how we see indexing
modestoacrepairpros.com,Modesto,home services,Bing Webmaster Tools,bing.com/webmasters,todo,import from Search Console in one click
modestoacrepairpros.com,Modesto,home services,Yelp,biz.yelp.com,todo,"real call volume; claim only, never solicit reviews"
modestoacrepairpros.com,Modesto,home services,Yellow Pages,yellowpages.com,todo,free tier
modestoacrepairpros.com,Modesto,home services,Better Business Bureau,bbb.org,todo,free listing; skip paid accreditation
modestoacrepairpros.com,Modesto,home services,Nextdoor Business,business.nextdoor.com,todo,genuinely local
modestoacrepairpros.com,Modesto,home services,Apple Business Connect,businessconnect.apple.com,todo,feeds Apple Maps and Siri
modestoacrepairpros.com,Modesto,home services,Houzz,houzz.com/pro,todo,"followed link, free pro profile"
modestoacrepairpros.com,Modesto,home services,Angi,angi.com/companylist,todo,expect sales calls
modestoacrepairpros.com,Modesto,home services,Thumbtack,thumbtack.com/pro,todo,free to list
modestoacrepairpros.com,Modesto,home services,Porch,porch.com/pro,todo,contractor directory
modestoacrepairpros.com,Modesto,home services,BuildZoom,buildzoom.com,todo,free claim
modestoacrepairpros.com,Modesto,home services,Networx,networx.com/contractor,todo,contractor directory
modestocaraccidentlawyerpros.com,Modesto,legal,Google Search Console,search.google.com/search-console,todo,not a link -- how we see indexing
modestocaraccidentlawyerpros.com,Modesto,legal,Bing Webmaster Tools,bing.com/webmasters,todo,import from Search Console in one click
modestocaraccidentlawyerpros.com,Modesto,legal,Yelp,biz.yelp.com,todo,"real call volume; claim only, never solicit reviews"
modestocaraccidentlawyerpros.com,Modesto,legal,Yellow Pages,yellowpages.com,todo,free tier
modestocaraccidentlawyerpros.com,Modesto,legal,Better Business Bureau,bbb.org,todo,free listing; skip paid accreditation
modestocaraccidentlawyerpros.com,Modesto,legal,Nextdoor Business,business.nextdoor.com,todo,genuinely local
modestocaraccidentlawyerpros.com,Modesto,legal,Apple Business Connect,businessconnect.apple.com,todo,feeds Apple Maps and Siri
modestocaraccidentlawyerpros.com,Modesto,legal,Justia,lawyers.justia.com,hold until a firm signs,strong followed link
modestocaraccidentlawyerpros.com,Modesto,legal,Avvo,avvo.com/claim-your-profile,hold until a firm signs,free claim
modestocaraccidentlawyerpros.com,Modesto,legal,FindLaw,lawyers.findlaw.com,hold until a firm signs,free basic tier
modestocaraccidentlawyerpros.com,Modesto,legal,Lawyers.com,lawyers.com,hold until a firm signs,free basic tier
modestocaraccidentlawyerpros.com,Modesto,legal,HG.org,hg.org,hold until a firm signs,free basic tier
modestocaraccidentlawyerpros.com,Modesto,legal,State bar directory,varies by state,hold until a firm signs,best local legal link there is
modestopersonalinjurylawyerpros.com,Modesto,legal,Google Search Console,search.google.com/search-console,todo,not a link -- how we see indexing
modestopersonalinjurylawyerpros.com,Modesto,legal,Bing Webmaster Tools,bing.com/webmasters,todo,import from Search Console in one click
modestopersonalinjurylawyerpros.com,Modesto,legal,Yelp,biz.yelp.com,todo,"real call volume; claim only, never solicit reviews"
modestopersonalinjurylawyerpros.com,Modesto,legal,Yellow Pages,yellowpages.com,todo,free tier
modestopersonalinjurylawyerpros.com,Modesto,legal,Better Business Bureau,bbb.org,todo,free listing; skip paid accreditation
modestopersonalinjurylawyerpros.com,Modesto,legal,Nextdoor Business,business.nextdoor.com,todo,genuinely local
modestopersonalinjurylawyerpros.com,Modesto,legal,Apple Business Connect,businessconnect.apple.com,todo,feeds Apple Maps and Siri
modestopersonalinjurylawyerpros.com,Modesto,legal,Justia,lawyers.justia.com,hold until a firm signs,strong followed link
modestopersonalinjurylawyerpros.com,Modesto,legal,Avvo,avvo.com/claim-your-profile,hold until a firm signs,free claim
modestopersonalinjurylawyerpros.com,Modesto,legal,FindLaw,lawyers.findlaw.com,hold until a firm signs,free basic tier
modestopersonalinjurylawyerpros.com,Modesto,legal,Lawyers.com,lawyers.com,hold until a firm signs,free basic tier
modestopersonalinjurylawyerpros.com,Modesto,legal,HG.org,hg.org,hold until a firm signs,free basic tier
modestopersonalinjurylawyerpros.com,Modesto,legal,State bar directory,varies by state,hold until a firm signs,best local legal link there is
neworleansmotorcycleaccidentlawyerpros.com,New Orleans,legal,Google Search Console,search.google.com/search-console,todo,not a link -- how we see indexing
neworleansmotorcycleaccidentlawyerpros.com,New Orleans,legal,Bing Webmaster Tools,bing.com/webmasters,todo,import from Search Console in one click
neworleansmotorcycleaccidentlawyerpros.com,New Orleans,legal,Yelp,biz.yelp.com,todo,"real call volume; claim only, never solicit reviews"
neworleansmotorcycleaccidentlawyerpros.com,New Orleans,legal,Yellow Pages,yellowpages.com,todo,free tier
neworleansmotorcycleaccidentlawyerpros.com,New Orleans,legal,Better Business Bureau,bbb.org,todo,free listing; skip paid accreditation
neworleansmotorcycleaccidentlawyerpros.com,New Orleans,legal,Nextdoor Business,business.nextdoor.com,todo,genuinely local
neworleansmotorcycleaccidentlawyerpros.com,New Orleans,legal,Apple Business Connect,businessconnect.apple.com,todo,feeds Apple Maps and Siri
neworleansmotorcycleaccidentlawyerpros.com,New Orleans,legal,Justia,lawyers.justia.com,hold until a firm signs,strong followed link
neworleansmotorcycleaccidentlawyerpros.com,New Orleans,legal,Avvo,avvo.com/claim-your-profile,hold until a firm signs,free claim
neworleansmotorcycleaccidentlawyerpros.com,New Orleans,legal,FindLaw,lawyers.findlaw.com,hold until a firm signs,free basic tier
neworleansmotorcycleaccidentlawyerpros.com,New Orleans,legal,Lawyers.com,lawyers.com,hold until a firm signs,free basic tier
neworleansmotorcycleaccidentlawyerpros.com,New Orleans,legal,HG.org,hg.org,hold until a firm signs,free basic tier
neworleansmotorcycleaccidentlawyerpros.com,New Orleans,legal,State bar directory,varies by state,hold until a firm signs,best local legal link there is
newportbeachduilawyerpros.com,Newport Beach,legal,Google Search Console,search.google.com/search-console,todo,not a link -- how we see indexing
newportbeachduilawyerpros.com,Newport Beach,legal,Bing Webmaster Tools,bing.com/webmasters,todo,import from Search Console in one click
newportbeachduilawyerpros.com,Newport Beach,legal,Yelp,biz.yelp.com,todo,"real call volume; claim only, never solicit reviews"
newportbeachduilawyerpros.com,Newport Beach,legal,Yellow Pages,yellowpages.com,todo,free tier
newportbeachduilawyerpros.com,Newport Beach,legal,Better Business Bureau,bbb.org,todo,free listing; skip paid accreditation
newportbeachduilawyerpros.com,Newport Beach,legal,Nextdoor Business,business.nextdoor.com,todo,genuinely local
newportbeachduilawyerpros.com,Newport Beach,legal,Apple Business Connect,businessconnect.apple.com,todo,feeds Apple Maps and Siri
newportbeachduilawyerpros.com,Newport Beach,legal,Justia,lawyers.justia.com,hold until a firm signs,strong followed link
newportbeachduilawyerpros.com,Newport Beach,legal,Avvo,avvo.com/claim-your-profile,hold until a firm signs,free claim
newportbeachduilawyerpros.com,Newport Beach,legal,FindLaw,lawyers.findlaw.com,hold until a firm signs,free basic tier
newportbeachduilawyerpros.com,Newport Beach,legal,Lawyers.com,lawyers.com,hold until a firm signs,free basic tier
newportbeachduilawyerpros.com,Newport Beach,legal,HG.org,hg.org,hold until a firm signs,free basic tier
newportbeachduilawyerpros.com,Newport Beach,legal,State bar directory,varies by state,hold until a firm signs,best local legal link there is
newyorkdogbitelawyerpros.com,New York,legal,Google Search Console,search.google.com/search-console,todo,not a link -- how we see indexing
newyorkdogbitelawyerpros.com,New York,legal,Bing Webmaster Tools,bing.com/webmasters,todo,import from Search Console in one click
newyorkdogbitelawyerpros.com,New York,legal,Yelp,biz.yelp.com,todo,"real call volume; claim only, never solicit reviews"
newyorkdogbitelawyerpros.com,New York,legal,Yellow Pages,yellowpages.com,todo,free tier
newyorkdogbitelawyerpros.com,New York,legal,Better Business Bureau,bbb.org,todo,free listing; skip paid accreditation
newyorkdogbitelawyerpros.com,New York,legal,Nextdoor Business,business.nextdoor.com,todo,genuinely local
newyorkdogbitelawyerpros.com,New York,legal,Apple Business Connect,businessconnect.apple.com,todo,feeds Apple Maps and Siri
newyorkdogbitelawyerpros.com,New York,legal,Justia,lawyers.justia.com,hold until a firm signs,strong followed link
newyorkdogbitelawyerpros.com,New York,legal,Avvo,avvo.com/claim-your-profile,hold until a firm signs,free claim
newyorkdogbitelawyerpros.com,New York,legal,FindLaw,lawyers.findlaw.com,hold until a firm signs,free basic tier
newyorkdogbitelawyerpros.com,New York,legal,Lawyers.com,lawyers.com,hold until a firm signs,free basic tier
newyorkdogbitelawyerpros.com,New York,legal,HG.org,hg.org,hold until a firm signs,free basic tier
newyorkdogbitelawyerpros.com,New York,legal,State bar directory,varies by state,hold until a firm signs,best local legal link there is
oceansidepersonalinjurylawyerpros.com,Oceanside,legal,Google Search Console,search.google.com/search-console,todo,not a link -- how we see indexing
oceansidepersonalinjurylawyerpros.com,Oceanside,legal,Bing Webmaster Tools,bing.com/webmasters,todo,import from Search Console in one click
oceansidepersonalinjurylawyerpros.com,Oceanside,legal,Yelp,biz.yelp.com,todo,"real call volume; claim only, never solicit reviews"
oceansidepersonalinjurylawyerpros.com,Oceanside,legal,Yellow Pages,yellowpages.com,todo,free tier
oceansidepersonalinjurylawyerpros.com,Oceanside,legal,Better Business Bureau,bbb.org,todo,free listing; skip paid accreditation
oceansidepersonalinjurylawyerpros.com,Oceanside,legal,Nextdoor Business,business.nextdoor.com,todo,genuinely local
oceansidepersonalinjurylawyerpros.com,Oceanside,legal,Apple Business Connect,businessconnect.apple.com,todo,feeds Apple Maps and Siri
oceansidepersonalinjurylawyerpros.com,Oceanside,legal,Justia,lawyers.justia.com,hold until a firm signs,strong followed link
oceansidepersonalinjurylawyerpros.com,Oceanside,legal,Avvo,avvo.com/claim-your-profile,hold until a firm signs,free claim
oceansidepersonalinjurylawyerpros.com,Oceanside,legal,FindLaw,lawyers.findlaw.com,hold until a firm signs,free basic tier
oceansidepersonalinjurylawyerpros.com,Oceanside,legal,Lawyers.com,lawyers.com,hold until a firm signs,free basic tier
oceansidepersonalinjurylawyerpros.com,Oceanside,legal,HG.org,hg.org,hold until a firm signs,free basic tier
oceansidepersonalinjurylawyerpros.com,Oceanside,legal,State bar directory,varies by state,hold until a firm signs,best local legal link there is
orlandoduilawyerpros.com,Orlando,legal,Google Search Console,search.google.com/search-console,todo,not a link -- how we see indexing
orlandoduilawyerpros.com,Orlando,legal,Bing Webmaster Tools,bing.com/webmasters,todo,import from Search Console in one click
orlandoduilawyerpros.com,Orlando,legal,Yelp,biz.yelp.com,todo,"real call volume; claim only, never solicit reviews"
orlandoduilawyerpros.com,Orlando,legal,Yellow Pages,yellowpages.com,todo,free tier
orlandoduilawyerpros.com,Orlando,legal,Better Business Bureau,bbb.org,todo,free listing; skip paid accreditation
orlandoduilawyerpros.com,Orlando,legal,Nextdoor Business,business.nextdoor.com,todo,genuinely local
orlandoduilawyerpros.com,Orlando,legal,Apple Business Connect,businessconnect.apple.com,todo,feeds Apple Maps and Siri
orlandoduilawyerpros.com,Orlando,legal,Justia,lawyers.justia.com,hold until a firm signs,strong followed link
orlandoduilawyerpros.com,Orlando,legal,Avvo,avvo.com/claim-your-profile,hold until a firm signs,free claim
orlandoduilawyerpros.com,Orlando,legal,FindLaw,lawyers.findlaw.com,hold until a firm signs,free basic tier
orlandoduilawyerpros.com,Orlando,legal,Lawyers.com,lawyers.com,hold until a firm signs,free basic tier
orlandoduilawyerpros.com,Orlando,legal,HG.org,hg.org,hold until a firm signs,free basic tier
orlandoduilawyerpros.com,Orlando,legal,State bar directory,varies by state,hold until a firm signs,best local legal link there is
orlandomovingcompanypros.com,Orlando,home services,Google Search Console,search.google.com/search-console,todo,not a link -- how we see indexing
orlandomovingcompanypros.com,Orlando,home services,Bing Webmaster Tools,bing.com/webmasters,todo,import from Search Console in one click
orlandomovingcompanypros.com,Orlando,home services,Yelp,biz.yelp.com,todo,"real call volume; claim only, never solicit reviews"
orlandomovingcompanypros.com,Orlando,home services,Yellow Pages,yellowpages.com,todo,free tier
orlandomovingcompanypros.com,Orlando,home services,Better Business Bureau,bbb.org,todo,free listing; skip paid accreditation
orlandomovingcompanypros.com,Orlando,home services,Nextdoor Business,business.nextdoor.com,todo,genuinely local
orlandomovingcompanypros.com,Orlando,home services,Apple Business Connect,businessconnect.apple.com,todo,feeds Apple Maps and Siri
orlandomovingcompanypros.com,Orlando,home services,Houzz,houzz.com/pro,todo,"followed link, free pro profile"
orlandomovingcompanypros.com,Orlando,home services,Angi,angi.com/companylist,todo,expect sales calls
orlandomovingcompanypros.com,Orlando,home services,Thumbtack,thumbtack.com/pro,todo,free to list
orlandomovingcompanypros.com,Orlando,home services,Porch,porch.com/pro,todo,contractor directory
orlandomovingcompanypros.com,Orlando,home services,BuildZoom,buildzoom.com,todo,free claim
orlandomovingcompanypros.com,Orlando,home services,Networx,networx.com/contractor,todo,contractor directory
overlandparkgaragedoorrepairpros.com,Overland Park,home services,Google Search Console,search.google.com/search-console,todo,not a link -- how we see indexing
overlandparkgaragedoorrepairpros.com,Overland Park,home services,Bing Webmaster Tools,bing.com/webmasters,todo,import from Search Console in one click
overlandparkgaragedoorrepairpros.com,Overland Park,home services,Yelp,biz.yelp.com,todo,"real call volume; claim only, never solicit reviews"
overlandparkgaragedoorrepairpros.com,Overland Park,home services,Yellow Pages,yellowpages.com,todo,free tier
overlandparkgaragedoorrepairpros.com,Overland Park,home services,Better Business Bureau,bbb.org,todo,free listing; skip paid accreditation
overlandparkgaragedoorrepairpros.com,Overland Park,home services,Nextdoor Business,business.nextdoor.com,todo,genuinely local
overlandparkgaragedoorrepairpros.com,Overland Park,home services,Apple Business Connect,businessconnect.apple.com,todo,feeds Apple Maps and Siri
overlandparkgaragedoorrepairpros.com,Overland Park,home services,Houzz,houzz.com/pro,todo,"followed link, free pro profile"
overlandparkgaragedoorrepairpros.com,Overland Park,home services,Angi,angi.com/companylist,todo,expect sales calls
overlandparkgaragedoorrepairpros.com,Overland Park,home services,Thumbtack,thumbtack.com/pro,todo,free to list
overlandparkgaragedoorrepairpros.com,Overland Park,home services,Porch,porch.com/pro,todo,contractor directory
overlandparkgaragedoorrepairpros.com,Overland Park,home services,BuildZoom,buildzoom.com,todo,free claim
overlandparkgaragedoorrepairpros.com,Overland Park,home services,Networx,networx.com/contractor,todo,contractor directory
oxnardcaraccidentlawyerpros.com,Oxnard,legal,Google Search Console,search.google.com/search-console,todo,not a link -- how we see indexing
oxnardcaraccidentlawyerpros.com,Oxnard,legal,Bing Webmaster Tools,bing.com/webmasters,todo,import from Search Console in one click
oxnardcaraccidentlawyerpros.com,Oxnard,legal,Yelp,biz.yelp.com,todo,"real call volume; claim only, never solicit reviews"
oxnardcaraccidentlawyerpros.com,Oxnard,legal,Yellow Pages,yellowpages.com,todo,free tier
oxnardcaraccidentlawyerpros.com,Oxnard,legal,Better Business Bureau,bbb.org,todo,free listing; skip paid accreditation
oxnardcaraccidentlawyerpros.com,Oxnard,legal,Nextdoor Business,business.nextdoor.com,todo,genuinely local
oxnardcaraccidentlawyerpros.com,Oxnard,legal,Apple Business Connect,businessconnect.apple.com,todo,feeds Apple Maps and Siri
oxnardcaraccidentlawyerpros.com,Oxnard,legal,Justia,lawyers.justia.com,hold until a firm signs,strong followed link
oxnardcaraccidentlawyerpros.com,Oxnard,legal,Avvo,avvo.com/claim-your-profile,hold until a firm signs,free claim
oxnardcaraccidentlawyerpros.com,Oxnard,legal,FindLaw,lawyers.findlaw.com,hold until a firm signs,free basic tier
oxnardcaraccidentlawyerpros.com,Oxnard,legal,Lawyers.com,lawyers.com,hold until a firm signs,free basic tier
oxnardcaraccidentlawyerpros.com,Oxnard,legal,HG.org,hg.org,hold until a firm signs,free basic tier
oxnardcaraccidentlawyerpros.com,Oxnard,legal,State bar directory,varies by state,hold until a firm signs,best local legal link there is
parkergaragedoorrepairexperts.com,Parker,home services,Google Search Console,search.google.com/search-console,todo,not a link -- how we see indexing
parkergaragedoorrepairexperts.com,Parker,home services,Bing Webmaster Tools,bing.com/webmasters,todo,import from Search Console in one click
parkergaragedoorrepairexperts.com,Parker,home services,Yelp,biz.yelp.com,todo,"real call volume; claim only, never solicit reviews"
parkergaragedoorrepairexperts.com,Parker,home services,Yellow Pages,yellowpages.com,todo,free tier
parkergaragedoorrepairexperts.com,Parker,home services,Better Business Bureau,bbb.org,todo,free listing; skip paid accreditation
parkergaragedoorrepairexperts.com,Parker,home services,Nextdoor Business,business.nextdoor.com,todo,genuinely local
parkergaragedoorrepairexperts.com,Parker,home services,Apple Business Connect,businessconnect.apple.com,todo,feeds Apple Maps and Siri
parkergaragedoorrepairexperts.com,Parker,home services,Houzz,houzz.com/pro,todo,"followed link, free pro profile"
parkergaragedoorrepairexperts.com,Parker,home services,Angi,angi.com/companylist,todo,expect sales calls
parkergaragedoorrepairexperts.com,Parker,home services,Thumbtack,thumbtack.com/pro,todo,free to list
parkergaragedoorrepairexperts.com,Parker,home services,Porch,porch.com/pro,todo,contractor directory
parkergaragedoorrepairexperts.com,Parker,home services,BuildZoom,buildzoom.com,todo,free claim
parkergaragedoorrepairexperts.com,Parker,home services,Networx,networx.com/contractor,todo,contractor directory
phoenixleakdetectionpros.com,Phoenix,home services,Google Search Console,search.google.com/search-console,todo,not a link -- how we see indexing
phoenixleakdetectionpros.com,Phoenix,home services,Bing Webmaster Tools,bing.com/webmasters,todo,import from Search Console in one click
phoenixleakdetectionpros.com,Phoenix,home services,Yelp,biz.yelp.com,todo,"real call volume; claim only, never solicit reviews"
phoenixleakdetectionpros.com,Phoenix,home services,Yellow Pages,yellowpages.com,todo,free tier
phoenixleakdetectionpros.com,Phoenix,home services,Better Business Bureau,bbb.org,todo,free listing; skip paid accreditation
phoenixleakdetectionpros.com,Phoenix,home services,Nextdoor Business,business.nextdoor.com,todo,genuinely local
phoenixleakdetectionpros.com,Phoenix,home services,Apple Business Connect,businessconnect.apple.com,todo,feeds Apple Maps and Siri
phoenixleakdetectionpros.com,Phoenix,home services,Houzz,houzz.com/pro,todo,"followed link, free pro profile"
phoenixleakdetectionpros.com,Phoenix,home services,Angi,angi.com/companylist,todo,expect sales calls
phoenixleakdetectionpros.com,Phoenix,home services,Thumbtack,thumbtack.com/pro,todo,free to list
phoenixleakdetectionpros.com,Phoenix,home services,Porch,porch.com/pro,todo,contractor directory
phoenixleakdetectionpros.com,Phoenix,home services,BuildZoom,buildzoom.com,todo,free claim
phoenixleakdetectionpros.com,Phoenix,home services,Networx,networx.com/contractor,todo,contractor directory
raleighmovingcompanypros.com,Raleigh,home services,Google Search Console,search.google.com/search-console,todo,not a link -- how we see indexing
raleighmovingcompanypros.com,Raleigh,home services,Bing Webmaster Tools,bing.com/webmasters,todo,import from Search Console in one click
raleighmovingcompanypros.com,Raleigh,home services,Yelp,biz.yelp.com,todo,"real call volume; claim only, never solicit reviews"
raleighmovingcompanypros.com,Raleigh,home services,Yellow Pages,yellowpages.com,todo,free tier
raleighmovingcompanypros.com,Raleigh,home services,Better Business Bureau,bbb.org,todo,free listing; skip paid accreditation
raleighmovingcompanypros.com,Raleigh,home services,Nextdoor Business,business.nextdoor.com,todo,genuinely local
raleighmovingcompanypros.com,Raleigh,home services,Apple Business Connect,businessconnect.apple.com,todo,feeds Apple Maps and Siri
raleighmovingcompanypros.com,Raleigh,home services,Houzz,houzz.com/pro,todo,"followed link, free pro profile"
raleighmovingcompanypros.com,Raleigh,home services,Angi,angi.com/companylist,todo,expect sales calls
raleighmovingcompanypros.com,Raleigh,home services,Thumbtack,thumbtack.com/pro,todo,free to list
raleighmovingcompanypros.com,Raleigh,home services,Porch,porch.com/pro,todo,contractor directory
raleighmovingcompanypros.com,Raleigh,home services,BuildZoom,buildzoom.com,todo,free claim
raleighmovingcompanypros.com,Raleigh,home services,Networx,networx.com/contractor,todo,contractor directory
sacramentoacrepair.com,Sacramento,home services,Google Search Console,search.google.com/search-console,todo,not a link -- how we see indexing
sacramentoacrepair.com,Sacramento,home services,Bing Webmaster Tools,bing.com/webmasters,todo,import from Search Console in one click
sacramentoacrepair.com,Sacramento,home services,Yelp,biz.yelp.com,todo,"real call volume; claim only, never solicit reviews"
sacramentoacrepair.com,Sacramento,home services,Yellow Pages,yellowpages.com,todo,free tier
sacramentoacrepair.com,Sacramento,home services,Better Business Bureau,bbb.org,todo,free listing; skip paid accreditation
sacramentoacrepair.com,Sacramento,home services,Nextdoor Business,business.nextdoor.com,todo,genuinely local
sacramentoacrepair.com,Sacramento,home services,Apple Business Connect,businessconnect.apple.com,todo,feeds Apple Maps and Siri
sacramentoacrepair.com,Sacramento,home services,Houzz,houzz.com/pro,todo,"followed link, free pro profile"
sacramentoacrepair.com,Sacramento,home services,Angi,angi.com/companylist,todo,expect sales calls
sacramentoacrepair.com,Sacramento,home services,Thumbtack,thumbtack.com/pro,todo,free to list
sacramentoacrepair.com,Sacramento,home services,Porch,porch.com/pro,todo,contractor directory
sacramentoacrepair.com,Sacramento,home services,BuildZoom,buildzoom.com,todo,free claim
sacramentoacrepair.com,Sacramento,home services,Networx,networx.com/contractor,todo,contractor directory
sacramentodogbitelawyerpros.com,Sacramento,legal,Google Search Console,search.google.com/search-console,todo,not a link -- how we see indexing
sacramentodogbitelawyerpros.com,Sacramento,legal,Bing Webmaster Tools,bing.com/webmasters,todo,import from Search Console in one click
sacramentodogbitelawyerpros.com,Sacramento,legal,Yelp,biz.yelp.com,todo,"real call volume; claim only, never solicit reviews"
sacramentodogbitelawyerpros.com,Sacramento,legal,Yellow Pages,yellowpages.com,todo,free tier
sacramentodogbitelawyerpros.com,Sacramento,legal,Better Business Bureau,bbb.org,todo,free listing; skip paid accreditation
sacramentodogbitelawyerpros.com,Sacramento,legal,Nextdoor Business,business.nextdoor.com,todo,genuinely local
sacramentodogbitelawyerpros.com,Sacramento,legal,Apple Business Connect,businessconnect.apple.com,todo,feeds Apple Maps and Siri
sacramentodogbitelawyerpros.com,Sacramento,legal,Justia,lawyers.justia.com,hold until a firm signs,strong followed link
sacramentodogbitelawyerpros.com,Sacramento,legal,Avvo,avvo.com/claim-your-profile,hold until a firm signs,free claim
sacramentodogbitelawyerpros.com,Sacramento,legal,FindLaw,lawyers.findlaw.com,hold until a firm signs,free basic tier
sacramentodogbitelawyerpros.com,Sacramento,legal,Lawyers.com,lawyers.com,hold until a firm signs,free basic tier
sacramentodogbitelawyerpros.com,Sacramento,legal,HG.org,hg.org,hold until a firm signs,free basic tier
sacramentodogbitelawyerpros.com,Sacramento,legal,State bar directory,varies by state,hold until a firm signs,best local legal link there is
salinascaraccidentlawyer.com,Salinas,legal,Google Search Console,search.google.com/search-console,todo,not a link -- how we see indexing
salinascaraccidentlawyer.com,Salinas,legal,Bing Webmaster Tools,bing.com/webmasters,todo,import from Search Console in one click
salinascaraccidentlawyer.com,Salinas,legal,Yelp,biz.yelp.com,todo,"real call volume; claim only, never solicit reviews"
salinascaraccidentlawyer.com,Salinas,legal,Yellow Pages,yellowpages.com,todo,free tier
salinascaraccidentlawyer.com,Salinas,legal,Better Business Bureau,bbb.org,todo,free listing; skip paid accreditation
salinascaraccidentlawyer.com,Salinas,legal,Nextdoor Business,business.nextdoor.com,todo,genuinely local
salinascaraccidentlawyer.com,Salinas,legal,Apple Business Connect,businessconnect.apple.com,todo,feeds Apple Maps and Siri
salinascaraccidentlawyer.com,Salinas,legal,Justia,lawyers.justia.com,hold until a firm signs,strong followed link
salinascaraccidentlawyer.com,Salinas,legal,Avvo,avvo.com/claim-your-profile,hold until a firm signs,free claim
salinascaraccidentlawyer.com,Salinas,legal,FindLaw,lawyers.findlaw.com,hold until a firm signs,free basic tier
salinascaraccidentlawyer.com,Salinas,legal,Lawyers.com,lawyers.com,hold until a firm signs,free basic tier
salinascaraccidentlawyer.com,Salinas,legal,HG.org,hg.org,hold until a firm signs,free basic tier
salinascaraccidentlawyer.com,Salinas,legal,State bar directory,varies by state,hold until a firm signs,best local legal link there is
sandiegodogbitelawyerpros.com,San Diego,legal,Google Search Console,search.google.com/search-console,todo,not a link -- how we see indexing
sandiegodogbitelawyerpros.com,San Diego,legal,Bing Webmaster Tools,bing.com/webmasters,todo,import from Search Console in one click
sandiegodogbitelawyerpros.com,San Diego,legal,Yelp,biz.yelp.com,todo,"real call volume; claim only, never solicit reviews"
sandiegodogbitelawyerpros.com,San Diego,legal,Yellow Pages,yellowpages.com,todo,free tier
sandiegodogbitelawyerpros.com,San Diego,legal,Better Business Bureau,bbb.org,todo,free listing; skip paid accreditation
sandiegodogbitelawyerpros.com,San Diego,legal,Nextdoor Business,business.nextdoor.com,todo,genuinely local
sandiegodogbitelawyerpros.com,San Diego,legal,Apple Business Connect,businessconnect.apple.com,todo,feeds Apple Maps and Siri
sandiegodogbitelawyerpros.com,San Diego,legal,Justia,lawyers.justia.com,hold until a firm signs,strong followed link
sandiegodogbitelawyerpros.com,San Diego,legal,Avvo,avvo.com/claim-your-profile,hold until a firm signs,free claim
sandiegodogbitelawyerpros.com,San Diego,legal,FindLaw,lawyers.findlaw.com,hold until a firm signs,free basic tier
sandiegodogbitelawyerpros.com,San Diego,legal,Lawyers.com,lawyers.com,hold until a firm signs,free basic tier
sandiegodogbitelawyerpros.com,San Diego,legal,HG.org,hg.org,hold until a firm signs,free basic tier
sandiegodogbitelawyerpros.com,San Diego,legal,State bar directory,varies by state,hold until a firm signs,best local legal link there is
sandiegoleakdetectionpros.com,San Diego,home services,Google Search Console,search.google.com/search-console,todo,not a link -- how we see indexing
sandiegoleakdetectionpros.com,San Diego,home services,Bing Webmaster Tools,bing.com/webmasters,todo,import from Search Console in one click
sandiegoleakdetectionpros.com,San Diego,home services,Yelp,biz.yelp.com,todo,"real call volume; claim only, never solicit reviews"
sandiegoleakdetectionpros.com,San Diego,home services,Yellow Pages,yellowpages.com,todo,free tier
sandiegoleakdetectionpros.com,San Diego,home services,Better Business Bureau,bbb.org,todo,free listing; skip paid accreditation
sandiegoleakdetectionpros.com,San Diego,home services,Nextdoor Business,business.nextdoor.com,todo,genuinely local
sandiegoleakdetectionpros.com,San Diego,home services,Apple Business Connect,businessconnect.apple.com,todo,feeds Apple Maps and Siri
sandiegoleakdetectionpros.com,San Diego,home services,Houzz,houzz.com/pro,todo,"followed link, free pro profile"
sandiegoleakdetectionpros.com,San Diego,home services,Angi,angi.com/companylist,todo,expect sales calls
sandiegoleakdetectionpros.com,San Diego,home services,Thumbtack,thumbtack.com/pro,todo,free to list
sandiegoleakdetectionpros.com,San Diego,home services,Porch,porch.com/pro,todo,contractor directory
sandiegoleakdetectionpros.com,San Diego,home services,BuildZoom,buildzoom.com,todo,free claim
sandiegoleakdetectionpros.com,San Diego,home services,Networx,networx.com/contractor,todo,contractor directory
sandiegowrongfulterminationlaw.com,San Diego,legal,Google Search Console,search.google.com/search-console,todo,not a link -- how we see indexing
sandiegowrongfulterminationlaw.com,San Diego,legal,Bing Webmaster Tools,bing.com/webmasters,todo,import from Search Console in one click
sandiegowrongfulterminationlaw.com,San Diego,legal,Yelp,biz.yelp.com,todo,"real call volume; claim only, never solicit reviews"
sandiegowrongfulterminationlaw.com,San Diego,legal,Yellow Pages,yellowpages.com,todo,free tier
sandiegowrongfulterminationlaw.com,San Diego,legal,Better Business Bureau,bbb.org,todo,free listing; skip paid accreditation
sandiegowrongfulterminationlaw.com,San Diego,legal,Nextdoor Business,business.nextdoor.com,todo,genuinely local
sandiegowrongfulterminationlaw.com,San Diego,legal,Apple Business Connect,businessconnect.apple.com,todo,feeds Apple Maps and Siri
sandiegowrongfulterminationlaw.com,San Diego,legal,Justia,lawyers.justia.com,hold until a firm signs,strong followed link
sandiegowrongfulterminationlaw.com,San Diego,legal,Avvo,avvo.com/claim-your-profile,hold until a firm signs,free claim
sandiegowrongfulterminationlaw.com,San Diego,legal,FindLaw,lawyers.findlaw.com,hold until a firm signs,free basic tier
sandiegowrongfulterminationlaw.com,San Diego,legal,Lawyers.com,lawyers.com,hold until a firm signs,free basic tier
sandiegowrongfulterminationlaw.com,San Diego,legal,HG.org,hg.org,hold until a firm signs,free basic tier
sandiegowrongfulterminationlaw.com,San Diego,legal,State bar directory,varies by state,hold until a firm signs,best local legal link there is
sanjoseduilawyerpros.com,San Jose,legal,Google Search Console,search.google.com/search-console,todo,not a link -- how we see indexing
sanjoseduilawyerpros.com,San Jose,legal,Bing Webmaster Tools,bing.com/webmasters,todo,import from Search Console in one click
sanjoseduilawyerpros.com,San Jose,legal,Yelp,biz.yelp.com,todo,"real call volume; claim only, never solicit reviews"
sanjoseduilawyerpros.com,San Jose,legal,Yellow Pages,yellowpages.com,todo,free tier
sanjoseduilawyerpros.com,San Jose,legal,Better Business Bureau,bbb.org,todo,free listing; skip paid accreditation
sanjoseduilawyerpros.com,San Jose,legal,Nextdoor Business,business.nextdoor.com,todo,genuinely local
sanjoseduilawyerpros.com,San Jose,legal,Apple Business Connect,businessconnect.apple.com,todo,feeds Apple Maps and Siri
sanjoseduilawyerpros.com,San Jose,legal,Justia,lawyers.justia.com,hold until a firm signs,strong followed link
sanjoseduilawyerpros.com,San Jose,legal,Avvo,avvo.com/claim-your-profile,hold until a firm signs,free claim
sanjoseduilawyerpros.com,San Jose,legal,FindLaw,lawyers.findlaw.com,hold until a firm signs,free basic tier
sanjoseduilawyerpros.com,San Jose,legal,Lawyers.com,lawyers.com,hold until a firm signs,free basic tier
sanjoseduilawyerpros.com,San Jose,legal,HG.org,hg.org,hold until a firm signs,free basic tier
sanjoseduilawyerpros.com,San Jose,legal,State bar directory,varies by state,hold until a firm signs,best local legal link there is
sanjoseemergencyplumberpros.com,San Jose,home services,Google Search Console,search.google.com/search-console,todo,not a link -- how we see indexing
sanjoseemergencyplumberpros.com,San Jose,home services,Bing Webmaster Tools,bing.com/webmasters,todo,import from Search Console in one click
sanjoseemergencyplumberpros.com,San Jose,home services,Yelp,biz.yelp.com,todo,"real call volume; claim only, never solicit reviews"
sanjoseemergencyplumberpros.com,San Jose,home services,Yellow Pages,yellowpages.com,todo,free tier
sanjoseemergencyplumberpros.com,San Jose,home services,Better Business Bureau,bbb.org,todo,free listing; skip paid accreditation
sanjoseemergencyplumberpros.com,San Jose,home services,Nextdoor Business,business.nextdoor.com,todo,genuinely local
sanjoseemergencyplumberpros.com,San Jose,home services,Apple Business Connect,businessconnect.apple.com,todo,feeds Apple Maps and Siri
sanjoseemergencyplumberpros.com,San Jose,home services,Houzz,houzz.com/pro,todo,"followed link, free pro profile"
sanjoseemergencyplumberpros.com,San Jose,home services,Angi,angi.com/companylist,todo,expect sales calls
sanjoseemergencyplumberpros.com,San Jose,home services,Thumbtack,thumbtack.com/pro,todo,free to list
sanjoseemergencyplumberpros.com,San Jose,home services,Porch,porch.com/pro,todo,contractor directory
sanjoseemergencyplumberpros.com,San Jose,home services,BuildZoom,buildzoom.com,todo,free claim
sanjoseemergencyplumberpros.com,San Jose,home services,Networx,networx.com/contractor,todo,contractor directory
sanjosemovingcompanypros.com,San Jose,home services,Google Search Console,search.google.com/search-console,todo,not a link -- how we see indexing
sanjosemovingcompanypros.com,San Jose,home services,Bing Webmaster Tools,bing.com/webmasters,todo,import from Search Console in one click
sanjosemovingcompanypros.com,San Jose,home services,Yelp,biz.yelp.com,todo,"real call volume; claim only, never solicit reviews"
sanjosemovingcompanypros.com,San Jose,home services,Yellow Pages,yellowpages.com,todo,free tier
sanjosemovingcompanypros.com,San Jose,home services,Better Business Bureau,bbb.org,todo,free listing; skip paid accreditation
sanjosemovingcompanypros.com,San Jose,home services,Nextdoor Business,business.nextdoor.com,todo,genuinely local
sanjosemovingcompanypros.com,San Jose,home services,Apple Business Connect,businessconnect.apple.com,todo,feeds Apple Maps and Siri
sanjosemovingcompanypros.com,San Jose,home services,Houzz,houzz.com/pro,todo,"followed link, free pro profile"
sanjosemovingcompanypros.com,San Jose,home services,Angi,angi.com/companylist,todo,expect sales calls
sanjosemovingcompanypros.com,San Jose,home services,Thumbtack,thumbtack.com/pro,todo,free to list
sanjosemovingcompanypros.com,San Jose,home services,Porch,porch.com/pro,todo,contractor directory
sanjosemovingcompanypros.com,San Jose,home services,BuildZoom,buildzoom.com,todo,free claim
sanjosemovingcompanypros.com,San Jose,home services,Networx,networx.com/contractor,todo,contractor directory
santaanapersonalinjurylawyerpros.com,Santa Ana,legal,Google Search Console,search.google.com/search-console,todo,not a link -- how we see indexing
santaanapersonalinjurylawyerpros.com,Santa Ana,legal,Bing Webmaster Tools,bing.com/webmasters,todo,import from Search Console in one click
santaanapersonalinjurylawyerpros.com,Santa Ana,legal,Yelp,biz.yelp.com,todo,"real call volume; claim only, never solicit reviews"
santaanapersonalinjurylawyerpros.com,Santa Ana,legal,Yellow Pages,yellowpages.com,todo,free tier
santaanapersonalinjurylawyerpros.com,Santa Ana,legal,Better Business Bureau,bbb.org,todo,free listing; skip paid accreditation
santaanapersonalinjurylawyerpros.com,Santa Ana,legal,Nextdoor Business,business.nextdoor.com,todo,genuinely local
santaanapersonalinjurylawyerpros.com,Santa Ana,legal,Apple Business Connect,businessconnect.apple.com,todo,feeds Apple Maps and Siri
santaanapersonalinjurylawyerpros.com,Santa Ana,legal,Justia,lawyers.justia.com,hold until a firm signs,strong followed link
santaanapersonalinjurylawyerpros.com,Santa Ana,legal,Avvo,avvo.com/claim-your-profile,hold until a firm signs,free claim
santaanapersonalinjurylawyerpros.com,Santa Ana,legal,FindLaw,lawyers.findlaw.com,hold until a firm signs,free basic tier
santaanapersonalinjurylawyerpros.com,Santa Ana,legal,Lawyers.com,lawyers.com,hold until a firm signs,free basic tier
santaanapersonalinjurylawyerpros.com,Santa Ana,legal,HG.org,hg.org,hold until a firm signs,free basic tier
santaanapersonalinjurylawyerpros.com,Santa Ana,legal,State bar directory,varies by state,hold until a firm signs,best local legal link there is
santabarbaracaraccidentlawyer.com,Santa Barbara,legal,Google Search Console,search.google.com/search-console,todo,not a link -- how we see indexing
santabarbaracaraccidentlawyer.com,Santa Barbara,legal,Bing Webmaster Tools,bing.com/webmasters,todo,import from Search Console in one click
santabarbaracaraccidentlawyer.com,Santa Barbara,legal,Yelp,biz.yelp.com,todo,"real call volume; claim only, never solicit reviews"
santabarbaracaraccidentlawyer.com,Santa Barbara,legal,Yellow Pages,yellowpages.com,todo,free tier
santabarbaracaraccidentlawyer.com,Santa Barbara,legal,Better Business Bureau,bbb.org,todo,free listing; skip paid accreditation
santabarbaracaraccidentlawyer.com,Santa Barbara,legal,Nextdoor Business,business.nextdoor.com,todo,genuinely local
santabarbaracaraccidentlawyer.com,Santa Barbara,legal,Apple Business Connect,businessconnect.apple.com,todo,feeds Apple Maps and Siri
santabarbaracaraccidentlawyer.com,Santa Barbara,legal,Justia,lawyers.justia.com,hold until a firm signs,strong followed link
santabarbaracaraccidentlawyer.com,Santa Barbara,legal,Avvo,avvo.com/claim-your-profile,hold until a firm signs,free claim
santabarbaracaraccidentlawyer.com,Santa Barbara,legal,FindLaw,lawyers.findlaw.com,hold until a firm signs,free basic tier
santabarbaracaraccidentlawyer.com,Santa Barbara,legal,Lawyers.com,lawyers.com,hold until a firm signs,free basic tier
santabarbaracaraccidentlawyer.com,Santa Barbara,legal,HG.org,hg.org,hold until a firm signs,free basic tier
santabarbaracaraccidentlawyer.com,Santa Barbara,legal,State bar directory,varies by state,hold until a firm signs,best local legal link there is
scottsdalegaragedoorrepairpros.com,Scottsdale,home services,Google Search Console,search.google.com/search-console,todo,not a link -- how we see indexing
scottsdalegaragedoorrepairpros.com,Scottsdale,home services,Bing Webmaster Tools,bing.com/webmasters,todo,import from Search Console in one click
scottsdalegaragedoorrepairpros.com,Scottsdale,home services,Yelp,biz.yelp.com,todo,"real call volume; claim only, never solicit reviews"
scottsdalegaragedoorrepairpros.com,Scottsdale,home services,Yellow Pages,yellowpages.com,todo,free tier
scottsdalegaragedoorrepairpros.com,Scottsdale,home services,Better Business Bureau,bbb.org,todo,free listing; skip paid accreditation
scottsdalegaragedoorrepairpros.com,Scottsdale,home services,Nextdoor Business,business.nextdoor.com,todo,genuinely local
scottsdalegaragedoorrepairpros.com,Scottsdale,home services,Apple Business Connect,businessconnect.apple.com,todo,feeds Apple Maps and Siri
scottsdalegaragedoorrepairpros.com,Scottsdale,home services,Houzz,houzz.com/pro,todo,"followed link, free pro profile"
scottsdalegaragedoorrepairpros.com,Scottsdale,home services,Angi,angi.com/companylist,todo,expect sales calls
scottsdalegaragedoorrepairpros.com,Scottsdale,home services,Thumbtack,thumbtack.com/pro,todo,free to list
scottsdalegaragedoorrepairpros.com,Scottsdale,home services,Porch,porch.com/pro,todo,contractor directory
scottsdalegaragedoorrepairpros.com,Scottsdale,home services,BuildZoom,buildzoom.com,todo,free claim
scottsdalegaragedoorrepairpros.com,Scottsdale,home services,Networx,networx.com/contractor,todo,contractor directory
tampacriminaldefenselawyerpros.com,Tampa,legal,Google Search Console,search.google.com/search-console,todo,not a link -- how we see indexing
tampacriminaldefenselawyerpros.com,Tampa,legal,Bing Webmaster Tools,bing.com/webmasters,todo,import from Search Console in one click
tampacriminaldefenselawyerpros.com,Tampa,legal,Yelp,biz.yelp.com,todo,"real call volume; claim only, never solicit reviews"
tampacriminaldefenselawyerpros.com,Tampa,legal,Yellow Pages,yellowpages.com,todo,free tier
tampacriminaldefenselawyerpros.com,Tampa,legal,Better Business Bureau,bbb.org,todo,free listing; skip paid accreditation
tampacriminaldefenselawyerpros.com,Tampa,legal,Nextdoor Business,business.nextdoor.com,todo,genuinely local
tampacriminaldefenselawyerpros.com,Tampa,legal,Apple Business Connect,businessconnect.apple.com,todo,feeds Apple Maps and Siri
tampacriminaldefenselawyerpros.com,Tampa,legal,Justia,lawyers.justia.com,hold until a firm signs,strong followed link
tampacriminaldefenselawyerpros.com,Tampa,legal,Avvo,avvo.com/claim-your-profile,hold until a firm signs,free claim
tampacriminaldefenselawyerpros.com,Tampa,legal,FindLaw,lawyers.findlaw.com,hold until a firm signs,free basic tier
tampacriminaldefenselawyerpros.com,Tampa,legal,Lawyers.com,lawyers.com,hold until a firm signs,free basic tier
tampacriminaldefenselawyerpros.com,Tampa,legal,HG.org,hg.org,hold until a firm signs,free basic tier
tampacriminaldefenselawyerpros.com,Tampa,legal,State bar directory,varies by state,hold until a firm signs,best local legal link there is
tampafamilylawattorneypros.com,Tampa,legal,Google Search Console,search.google.com/search-console,todo,not a link -- how we see indexing
tampafamilylawattorneypros.com,Tampa,legal,Bing Webmaster Tools,bing.com/webmasters,todo,import from Search Console in one click
tampafamilylawattorneypros.com,Tampa,legal,Yelp,biz.yelp.com,todo,"real call volume; claim only, never solicit reviews"
tampafamilylawattorneypros.com,Tampa,legal,Yellow Pages,yellowpages.com,todo,free tier
tampafamilylawattorneypros.com,Tampa,legal,Better Business Bureau,bbb.org,todo,free listing; skip paid accreditation
tampafamilylawattorneypros.com,Tampa,legal,Nextdoor Business,business.nextdoor.com,todo,genuinely local
tampafamilylawattorneypros.com,Tampa,legal,Apple Business Connect,businessconnect.apple.com,todo,feeds Apple Maps and Siri
tampafamilylawattorneypros.com,Tampa,legal,Justia,lawyers.justia.com,hold until a firm signs,strong followed link
tampafamilylawattorneypros.com,Tampa,legal,Avvo,avvo.com/claim-your-profile,hold until a firm signs,free claim
tampafamilylawattorneypros.com,Tampa,legal,FindLaw,lawyers.findlaw.com,hold until a firm signs,free basic tier
tampafamilylawattorneypros.com,Tampa,legal,Lawyers.com,lawyers.com,hold until a firm signs,free basic tier
tampafamilylawattorneypros.com,Tampa,legal,HG.org,hg.org,hold until a firm signs,free basic tier
tampafamilylawattorneypros.com,Tampa,legal,State bar directory,varies by state,hold until a firm signs,best local legal link there is
tampatileroofrepair.com,Tampa,home services,Google Search Console,search.google.com/search-console,todo,not a link -- how we see indexing
tampatileroofrepair.com,Tampa,home services,Bing Webmaster Tools,bing.com/webmasters,todo,import from Search Console in one click
tampatileroofrepair.com,Tampa,home services,Yelp,biz.yelp.com,todo,"real call volume; claim only, never solicit reviews"
tampatileroofrepair.com,Tampa,home services,Yellow Pages,yellowpages.com,todo,free tier
tampatileroofrepair.com,Tampa,home services,Better Business Bureau,bbb.org,todo,free listing; skip paid accreditation
tampatileroofrepair.com,Tampa,home services,Nextdoor Business,business.nextdoor.com,todo,genuinely local
tampatileroofrepair.com,Tampa,home services,Apple Business Connect,businessconnect.apple.com,todo,feeds Apple Maps and Siri
tampatileroofrepair.com,Tampa,home services,Houzz,houzz.com/pro,todo,"followed link, free pro profile"
tampatileroofrepair.com,Tampa,home services,Angi,angi.com/companylist,todo,expect sales calls
tampatileroofrepair.com,Tampa,home services,Thumbtack,thumbtack.com/pro,todo,free to list
tampatileroofrepair.com,Tampa,home services,Porch,porch.com/pro,todo,contractor directory
tampatileroofrepair.com,Tampa,home services,BuildZoom,buildzoom.com,todo,free claim
tampatileroofrepair.com,Tampa,home services,Networx,networx.com/contractor,todo,contractor directory
tempeduilawyerpros.com,Tempe,legal,Google Search Console,search.google.com/search-console,todo,not a link -- how we see indexing
tempeduilawyerpros.com,Tempe,legal,Bing Webmaster Tools,bing.com/webmasters,todo,import from Search Console in one click
tempeduilawyerpros.com,Tempe,legal,Yelp,biz.yelp.com,todo,"real call volume; claim only, never solicit reviews"
tempeduilawyerpros.com,Tempe,legal,Yellow Pages,yellowpages.com,todo,free tier
tempeduilawyerpros.com,Tempe,legal,Better Business Bureau,bbb.org,todo,free listing; skip paid accreditation
tempeduilawyerpros.com,Tempe,legal,Nextdoor Business,business.nextdoor.com,todo,genuinely local
tempeduilawyerpros.com,Tempe,legal,Apple Business Connect,businessconnect.apple.com,todo,feeds Apple Maps and Siri
tempeduilawyerpros.com,Tempe,legal,Justia,lawyers.justia.com,hold until a firm signs,strong followed link
tempeduilawyerpros.com,Tempe,legal,Avvo,avvo.com/claim-your-profile,hold until a firm signs,free claim
tempeduilawyerpros.com,Tempe,legal,FindLaw,lawyers.findlaw.com,hold until a firm signs,free basic tier
tempeduilawyerpros.com,Tempe,legal,Lawyers.com,lawyers.com,hold until a firm signs,free basic tier
tempeduilawyerpros.com,Tempe,legal,HG.org,hg.org,hold until a firm signs,free basic tier
tempeduilawyerpros.com,Tempe,legal,State bar directory,varies by state,hold until a firm signs,best local legal link there is
tucsonemergencyplumberpros.com,Tucson,home services,Google Search Console,search.google.com/search-console,todo,not a link -- how we see indexing
tucsonemergencyplumberpros.com,Tucson,home services,Bing Webmaster Tools,bing.com/webmasters,todo,import from Search Console in one click
tucsonemergencyplumberpros.com,Tucson,home services,Yelp,biz.yelp.com,todo,"real call volume; claim only, never solicit reviews"
tucsonemergencyplumberpros.com,Tucson,home services,Yellow Pages,yellowpages.com,todo,free tier
tucsonemergencyplumberpros.com,Tucson,home services,Better Business Bureau,bbb.org,todo,free listing; skip paid accreditation
tucsonemergencyplumberpros.com,Tucson,home services,Nextdoor Business,business.nextdoor.com,todo,genuinely local
tucsonemergencyplumberpros.com,Tucson,home services,Apple Business Connect,businessconnect.apple.com,todo,feeds Apple Maps and Siri
tucsonemergencyplumberpros.com,Tucson,home services,Houzz,houzz.com/pro,todo,"followed link, free pro profile"
tucsonemergencyplumberpros.com,Tucson,home services,Angi,angi.com/companylist,todo,expect sales calls
tucsonemergencyplumberpros.com,Tucson,home services,Thumbtack,thumbtack.com/pro,todo,free to list
tucsonemergencyplumberpros.com,Tucson,home services,Porch,porch.com/pro,todo,contractor directory
tucsonemergencyplumberpros.com,Tucson,home services,BuildZoom,buildzoom.com,todo,free claim
tucsonemergencyplumberpros.com,Tucson,home services,Networx,networx.com/contractor,todo,contractor directory
victorvillecaraccidentlawyerpros.com,Victorville,legal,Google Search Console,search.google.com/search-console,todo,not a link -- how we see indexing
victorvillecaraccidentlawyerpros.com,Victorville,legal,Bing Webmaster Tools,bing.com/webmasters,todo,import from Search Console in one click
victorvillecaraccidentlawyerpros.com,Victorville,legal,Yelp,biz.yelp.com,todo,"real call volume; claim only, never solicit reviews"
victorvillecaraccidentlawyerpros.com,Victorville,legal,Yellow Pages,yellowpages.com,todo,free tier
victorvillecaraccidentlawyerpros.com,Victorville,legal,Better Business Bureau,bbb.org,todo,free listing; skip paid accreditation
victorvillecaraccidentlawyerpros.com,Victorville,legal,Nextdoor Business,business.nextdoor.com,todo,genuinely local
victorvillecaraccidentlawyerpros.com,Victorville,legal,Apple Business Connect,businessconnect.apple.com,todo,feeds Apple Maps and Siri
victorvillecaraccidentlawyerpros.com,Victorville,legal,Justia,lawyers.justia.com,hold until a firm signs,strong followed link
victorvillecaraccidentlawyerpros.com,Victorville,legal,Avvo,avvo.com/claim-your-profile,hold until a firm signs,free claim
victorvillecaraccidentlawyerpros.com,Victorville,legal,FindLaw,lawyers.findlaw.com,hold until a firm signs,free basic tier
victorvillecaraccidentlawyerpros.com,Victorville,legal,Lawyers.com,lawyers.com,hold until a firm signs,free basic tier
victorvillecaraccidentlawyerpros.com,Victorville,legal,HG.org,hg.org,hold until a firm signs,free basic tier
victorvillecaraccidentlawyerpros.com,Victorville,legal,State bar directory,varies by state,hold until a firm signs,best local legal link there is
virginiabeachcaraccidentlawyerpros.com,Virginia Beach,legal,Google Search Console,search.google.com/search-console,todo,not a link -- how we see indexing
virginiabeachcaraccidentlawyerpros.com,Virginia Beach,legal,Bing Webmaster Tools,bing.com/webmasters,todo,import from Search Console in one click
virginiabeachcaraccidentlawyerpros.com,Virginia Beach,legal,Yelp,biz.yelp.com,todo,"real call volume; claim only, never solicit reviews"
virginiabeachcaraccidentlawyerpros.com,Virginia Beach,legal,Yellow Pages,yellowpages.com,todo,free tier
virginiabeachcaraccidentlawyerpros.com,Virginia Beach,legal,Better Business Bureau,bbb.org,todo,free listing; skip paid accreditation
virginiabeachcaraccidentlawyerpros.com,Virginia Beach,legal,Nextdoor Business,business.nextdoor.com,todo,genuinely local
virginiabeachcaraccidentlawyerpros.com,Virginia Beach,legal,Apple Business Connect,businessconnect.apple.com,todo,feeds Apple Maps and Siri
virginiabeachcaraccidentlawyerpros.com,Virginia Beach,legal,Justia,lawyers.justia.com,hold until a firm signs,strong followed link
virginiabeachcaraccidentlawyerpros.com,Virginia Beach,legal,Avvo,avvo.com/claim-your-profile,hold until a firm signs,free claim
virginiabeachcaraccidentlawyerpros.com,Virginia Beach,legal,FindLaw,lawyers.findlaw.com,hold until a firm signs,free basic tier
virginiabeachcaraccidentlawyerpros.com,Virginia Beach,legal,Lawyers.com,lawyers.com,hold until a firm signs,free basic tier
virginiabeachcaraccidentlawyerpros.com,Virginia Beach,legal,HG.org,hg.org,hold until a firm signs,free basic tier
virginiabeachcaraccidentlawyerpros.com,Virginia Beach,legal,State bar directory,varies by state,hold until a firm signs,best local legal link there is
virginiabeachpersonalinjurylawyerpros.com,Virginia Beach,legal,Google Search Console,search.google.com/search-console,todo,not a link -- how we see indexing
virginiabeachpersonalinjurylawyerpros.com,Virginia Beach,legal,Bing Webmaster Tools,bing.com/webmasters,todo,import from Search Console in one click
virginiabeachpersonalinjurylawyerpros.com,Virginia Beach,legal,Yelp,biz.yelp.com,todo,"real call volume; claim only, never solicit reviews"
virginiabeachpersonalinjurylawyerpros.com,Virginia Beach,legal,Yellow Pages,yellowpages.com,todo,free tier
virginiabeachpersonalinjurylawyerpros.com,Virginia Beach,legal,Better Business Bureau,bbb.org,todo,free listing; skip paid accreditation
virginiabeachpersonalinjurylawyerpros.com,Virginia Beach,legal,Nextdoor Business,business.nextdoor.com,todo,genuinely local
virginiabeachpersonalinjurylawyerpros.com,Virginia Beach,legal,Apple Business Connect,businessconnect.apple.com,todo,feeds Apple Maps and Siri
virginiabeachpersonalinjurylawyerpros.com,Virginia Beach,legal,Justia,lawyers.justia.com,hold until a firm signs,strong followed link
virginiabeachpersonalinjurylawyerpros.com,Virginia Beach,legal,Avvo,avvo.com/claim-your-profile,hold until a firm signs,free claim
virginiabeachpersonalinjurylawyerpros.com,Virginia Beach,legal,FindLaw,lawyers.findlaw.com,hold until a firm signs,free basic tier
virginiabeachpersonalinjurylawyerpros.com,Virginia Beach,legal,Lawyers.com,lawyers.com,hold until a firm signs,free basic tier
virginiabeachpersonalinjurylawyerpros.com,Virginia Beach,legal,HG.org,hg.org,hold until a firm signs,free basic tier
virginiabeachpersonalinjurylawyerpros.com,Virginia Beach,legal,State bar directory,varies by state,hold until a firm signs,best local legal link there is
waterdamageaustinco.com,Austin,home services,Google Search Console,search.google.com/search-console,todo,not a link -- how we see indexing
waterdamageaustinco.com,Austin,home services,Bing Webmaster Tools,bing.com/webmasters,todo,import from Search Console in one click
waterdamageaustinco.com,Austin,home services,Yelp,biz.yelp.com,todo,"real call volume; claim only, never solicit reviews"
waterdamageaustinco.com,Austin,home services,Yellow Pages,yellowpages.com,todo,free tier
waterdamageaustinco.com,Austin,home services,Better Business Bureau,bbb.org,todo,free listing; skip paid accreditation
waterdamageaustinco.com,Austin,home services,Nextdoor Business,business.nextdoor.com,todo,genuinely local
waterdamageaustinco.com,Austin,home services,Apple Business Connect,businessconnect.apple.com,todo,feeds Apple Maps and Siri
waterdamageaustinco.com,Austin,home services,Houzz,houzz.com/pro,todo,"followed link, free pro profile"
waterdamageaustinco.com,Austin,home services,Angi,angi.com/companylist,todo,expect sales calls
waterdamageaustinco.com,Austin,home services,Thumbtack,thumbtack.com/pro,todo,free to list
waterdamageaustinco.com,Austin,home services,Porch,porch.com/pro,todo,contractor directory
waterdamageaustinco.com,Austin,home services,BuildZoom,buildzoom.com,todo,free claim
waterdamageaustinco.com,Austin,home services,Networx,networx.com/contractor,todo,contractor directory
westcovinacaraccidentlawyerpros.com,West Covina,legal,Google Search Console,search.google.com/search-console,todo,not a link -- how we see indexing
westcovinacaraccidentlawyerpros.com,West Covina,legal,Bing Webmaster Tools,bing.com/webmasters,todo,import from Search Console in one click
westcovinacaraccidentlawyerpros.com,West Covina,legal,Yelp,biz.yelp.com,todo,"real call volume; claim only, never solicit reviews"
westcovinacaraccidentlawyerpros.com,West Covina,legal,Yellow Pages,yellowpages.com,todo,free tier
westcovinacaraccidentlawyerpros.com,West Covina,legal,Better Business Bureau,bbb.org,todo,free listing; skip paid accreditation
westcovinacaraccidentlawyerpros.com,West Covina,legal,Nextdoor Business,business.nextdoor.com,todo,genuinely local
westcovinacaraccidentlawyerpros.com,West Covina,legal,Apple Business Connect,businessconnect.apple.com,todo,feeds Apple Maps and Siri
westcovinacaraccidentlawyerpros.com,West Covina,legal,Justia,lawyers.justia.com,hold until a firm signs,strong followed link
westcovinacaraccidentlawyerpros.com,West Covina,legal,Avvo,avvo.com/claim-your-profile,hold until a firm signs,free claim
westcovinacaraccidentlawyerpros.com,West Covina,legal,FindLaw,lawyers.findlaw.com,hold until a firm signs,free basic tier
westcovinacaraccidentlawyerpros.com,West Covina,legal,Lawyers.com,lawyers.com,hold until a firm signs,free basic tier
westcovinacaraccidentlawyerpros.com,West Covina,legal,HG.org,hg.org,hold until a firm signs,free basic tier
westcovinacaraccidentlawyerpros.com,West Covina,legal,State bar directory,varies by state,hold until a firm signs,best local legal link there is
